"Symbol","Name","LastSale","MarketCap","IPOyear","Sector","industry","Summary Quote",
"ACXM","Acxiom Corporation","26.54","$2.1B","n/a","Technology","EDP Services","http://www.nasdaq.com/symbol/acxm",
"ADMS","Adamas Pharmaceuticals, Inc.","28.41","$647.15M","2014","Health Care","Major Pharmaceuticals","http://www.nasdaq.com/symbol/adms",
"ADMP","Adamis Pharmaceuticals Corporation","4.2","$131.68M","n/a","Health Care","Major Pharmaceuticals","http://www.nasdaq.com/symbol/admp",
"ADAP","Adaptimmune Therapeutics plc","7.88","$738.25M","2015","Health Care","Biotechnology: Biological Products (No Diagnostic Substances)","http://www.nasdaq.com/symbol/adap",
"ADUS","Addus HomeCare Corporation","33.35","$387.92M","2009","Health Care","Medical/Nursing Services","http://www.nasdaq.com/symbol/adus",
"AEY","ADDvantage Technologies Group, Inc.","1.44","$14.68M","n/a","Consumer Services","Office Equipment/Supplies/Services","http://www.nasdaq.com/symbol/aey",
"IOTS","Adesto Technologies Corporation","7.7","$162.77M","2015","Technology","Semiconductors","http://www.nasdaq.com/symbol/iots",
"ADMA","ADMA Biologics Inc","2.85","$73.51M","n/a","Health Care","Biotechnology: Biological Products (No Diagnostic Substances)","http://www.nasdaq.com/symbol/adma",
"ADBE","Adobe Systems Incorporated","182.24","$89.83B","1986","Technology","Computer Software: Prepackaged Software","http://www.nasdaq.com/symbol/adbe",
"ADOM","ADOMANI, Inc.","4.89","$332.87M","2017","Capital Goods","Auto Parts:O.E.M.","http://www.nasdaq.com/symbol/adom",
"ADTN","ADTRAN, Inc.","21.25","$1.02B","1994","Public Utilities","Telecommunications Equipment","http://www.nasdaq.com/symbol/adtn",
"ADRO","Aduro Biotech, Inc.","8.8","$684.03M","2015","Health Care","Major Pharmaceuticals","http://www.nasdaq.com/symbol/adro",
"AAAP","Advanced Accelerator Applications S.A.","81.2","$3.59B","2015","Health Care","Major Pharmaceuticals","http://www.nasdaq.com/symbol/aaap",
"ADES","Advanced Emissions Solutions, Inc.","11.12","$234.51M","n/a","Basic Industries","Major Chemicals","http://www.nasdaq.com/symbol/ades",
"AEIS","Advanced Energy Industries, Inc.","82.03","$3.25B","1995","Capital Goods","Industrial Machinery/Components","http://www.nasdaq.com/symbol/aeis",
"AMD","Advanced Micro Devices, Inc.","11.38","$10.98B","n/a","Technology","Semiconductors","http://www.nasdaq.com/symbol/amd",
"ADXS","Advaxis, Inc.","3.19","$131M","n/a","Health Care","Major Pharmaceuticals","http://www.nasdaq.com/symbol/adxs",
"ADXSW","Advaxis, Inc.","0.99","n/a","n/a","Health Care","Major Pharmaceuticals","http://www.nasdaq.com/symbol/adxsw",
"ADVM","Adverum Biotechnologies, Inc.","3.15","$141.88M","2014","Health Care","Biotechnology: Biological Products (No Diagnostic Substances)","http://www.nasdaq.com/symbol/advm",
"AEGN","Aegion Corp","26.74","$869.77M","n/a","Basic Industries","Water Supply","http://www.nasdaq.com/symbol/aegn",
"AGLE","Aeglea BioTherapeutics, Inc.","4.54","$75.57M","2016","Health Care","Major Pharmaceuticals","http://www.nasdaq.com/symbol/agle",
"AEHR","Aehr Test Systems","3.19","$68.72M","1997","Capital Goods","Electrical Products","http://www.nasdaq.com/symbol/aehr",
"AMTX","Aemetis, Inc","0.7","$13.88M","n/a","Basic Industries","Major Chemicals","http://www.nasdaq.com/symbol/amtx",
"AERI","Aerie Pharmaceuticals, Inc.","58.7","$2.15B","2013","Health Care","Biotechnology: Biological Products (No Diagnostic Substances)","http://www.nasdaq.com/symbol/aeri",
"AVAV","AeroVironment, Inc.","42.73","$1.02B","2007","Capital Goods","Aerospace","http://www.nasdaq.com/symbol/avav",
"AEZS","AEterna Zentaris Inc.","1.92","$31.57M","n/a","Health Care","Major Pharmaceuticals","http://www.nasdaq.com/symbol/aezs",
"AEMD","Aethlon Medical, Inc.","0.9682","$14.62M","n/a","Capital Goods","Biotechnology: Laboratory Analytical Instruments","http://www.nasdaq.com/symbol/aemd",
"GNMX","Aevi Genomic Medicine, Inc.","1.47","$87.22M","n/a","Health Care","Biotechnology: Biological Products (No Diagnostic Substances)","http://www.nasdaq.com/symbol/gnmx",
"AFMD","Affimed N.V.","1.975","$88.23M","2014","Health Care","Major Pharmaceuticals","http://www.nasdaq.com/symbol/afmd",
"AGEN","Agenus Inc.","3.7","$370.68M","2000","Health Care","Biotechnology: Biological Products (No Diagnostic Substances)","http://www.nasdaq.com/symbol/agen",
"AGRX","Agile Therapeutics, Inc.","4.57","$156.23M","2014","Health Care","Major Pharmaceuticals","http://www.nasdaq.com/symbol/agrx",
"AGYS","Agilysys, Inc.","11.86","$275.18M","n/a","Technology","EDP Services","http://www.nasdaq.com/symbol/agys",
"AGIO","Agios Pharmaceuticals, Inc.","59.64","$2.91B","2013","Health Care","Major Pharmaceuticals","http://www.nasdaq.com/symbol/agio",
"AGNC","AGNC Investment Corp.","19.82","$7.76B","2008","Consumer Services","Real Estate Investment Trusts","http://www.nasdaq.com/symbol/agnc",
"AGNCB","AGNC Investment Corp.","26.08","$9.04B","n/a","Consumer Services","Real Estate Investment Trusts","http://www.nasdaq.com/symbol/agncb",
"AGNCN","AGNC Investment Corp.","25.8","n/a","n/a","Consumer Services","Real Estate Investment Trusts","http://www.nasdaq.com/symbol/agncn",
"AGFS","AgroFresh Solutions, Inc.","5.32","$267.79M","2014","Finance","Business Services","http://www.nasdaq.com/symbol/agfs",
"AGFSW","AgroFresh Solutions, Inc.","0.23","n/a","2014","Finance","Business Services","http://www.nasdaq.com/symbol/agfsw",
"ALRN","Aileron Therapeutics, Inc.","12.3","$181.04M","2017","Health Care","Major Pharmaceuticals","http://www.nasdaq.com/symbol/alrn",
"AIMT","Aimmune Therapeutics, Inc.","34.95","$1.78B","2015","Health Care","Major Pharmaceuticals","http://www.nasdaq.com/symbol/aimt",
"AIRT","Air T, Inc.","21.95","$44.84M","n/a","Transportation","Air Freight/Delivery Services","http://www.nasdaq.com/symbol/airt",
"ATSG","Air Transport Services Group, Inc","23.33","$1.38B","n/a","Transportation","Air Freight/Delivery Services","http://www.nasdaq.com/symbol/atsg",
"AIRG","Airgain, Inc.","9.4","$90.04M","2016","Technology","Radio And Television Broadcasting And Communications Equipment","http://www.nasdaq.com/symbol/airg",
"AMCN","AirMedia Group Inc","2.07","$130.03M","2007","Technology","Advertising","http://www.nasdaq.com/symbol/amcn",
"AKAM","Akamai Technologies, Inc.","55.44","$9.38B","1999","Miscellaneous","Business Services","http://www.nasdaq.com/symbol/akam",
"AKTX","Akari Therapeutics Plc","4.65","$54.76M","n/a","Health Care","Major Pharmaceuticals","http://www.nasdaq.com/symbol/aktx",
"AKCA","Akcea Therapeutics, Inc.","17.88","$1.19B","2017","Health Care","Major Pharmaceuticals","http://www.nasdaq.com/symbol/akca",
"AKBA","Akebia Therapeutics, Inc.","15.36","$726.05M","2014","Health Care","Major Pharmaceuticals","http://www.nasdaq.com/symbol/akba",
"AKER","Akers Biosciences Inc","0.62","$5.52M","2014","Health Care","Biotechnology: In Vitro & In Vivo Diagnostic Substances","http://www.nasdaq.com/symbol/aker",
"AKRX","Akorn, Inc.","33.4","$4.18B","n/a","Health Care","Major Pharmaceuticals","http://www.nasdaq.com/symbol/akrx",
"AKTS","Akoustis Technologies, Inc.","6.45","$123.1M","n/a","Public Utilities","Telecommunications Equipment","http://www.nasdaq.com/symbol/akts",
"ALRM","Alarm.com Holdings, Inc.","44.2","$2.08B","2015","Technology","Computer Software: Prepackaged Software","http://www.nasdaq.com/symbol/alrm",
"ALSK","Alaska Communications Systems Group, Inc.","2.14","$112.24M","1999","Public Utilities","Telecommunications Equipment","http://www.nasdaq.com/symbol/alsk",
"ALBO","Albireo Pharma, Inc.","25.99","$230.85M","n/a","Health Care","Major Pharmaceuticals","http://www.nasdaq.com/symbol/albo",
"ABDC","Alcentra Capital Corp.","7.82","$111.4M","n/a","n/a","n/a","http://www.nasdaq.com/symbol/abdc",
"ALDR","Alder BioPharmaceuticals, Inc.","10.6","$718.26M","2014","Health Care","Major Pharmaceuticals","http://www.nasdaq.com/symbol/aldr",
"ALDX","Aldeyra Therapeutics, Inc.","6.15","$117.57M","2014","Health Care","Major Pharmaceuticals","http://www.nasdaq.com/symbol/aldx",
"ALXN","Alexion Pharmaceuticals, Inc.","110.87","$24.77B","1996","Health Care","Major Pharmaceuticals","http://www.nasdaq.com/symbol/alxn",
"ALCO","Alico, Inc.","32.25","$266.18M","n/a","Consumer Non-Durables","Farming/Seeds/Milling","http://www.nasdaq.com/symbol/alco",
"ALGN","Align Technology, Inc.","253.89","$20.36B","2001","Health Care","Industrial Specialties","http://www.nasdaq.com/symbol/algn",
"ALIM","Alimera Sciences, Inc.","1.25","$86.44M","2010","Health Care","Major Pharmaceuticals","http://www.nasdaq.com/symbol/alim",
"ALJJ","ALJ Regional Holdings, Inc.","3.52","$128.55M","n/a","Miscellaneous","Business Services","http://www.nasdaq.com/symbol/aljj",
"ALKS","Alkermes plc","48.4","$7.44B","1991","Health Care","Major Pharmaceuticals","http://www.nasdaq.com/symbol/alks",
"ABTX","Allegiance Bancshares, Inc.","39.1","$515.4M","2015","Finance","Major Banks","http://www.nasdaq.com/symbol/abtx",
"AAPL","Apple Inc.","170.15","$873.6B","1980","Technology","Computer Manufacturing","http://www.nasdaq.com/symbol/aapl",
"ARCI","Appliance Recycling Centers of America, Inc.","1.03","$7.08M","n/a","Consumer Services","Home Furnishings","http://www.nasdaq.com/symbol/arci",
"APDN","Applied DNA Sciences Inc","2.34","$64.06M","n/a","Consumer Services","Other Consumer Services","http://www.nasdaq.com/symbol/apdn",
"APDNW","Applied DNA Sciences Inc","0.58","n/a","n/a","Consumer Services","Other Consumer Services","http://www.nasdaq.com/symbol/apdnw",
"AGTC","Applied Genetic Technologies Corporation","3.95","$71.47M","2014","Health Care","Biotechnology: Biological Products (No Diagnostic Substances)","http://www.nasdaq.com/symbol/agtc",
"AMAT","Applied Materials, Inc.","56.49","$60.25B","1972","Technology","Semiconductors","http://www.nasdaq.com/symbol/amat",
"AAOI","Applied Optoelectronics, Inc.","45.04","$872.97M","2013","Technology","Semiconductors","http://www.nasdaq.com/symbol/aaoi",
"AREX","Approach Resources Inc.","2.31","$199.85M","2007","Energy","Oil & Gas Production","http://www.nasdaq.com/symbol/arex",
"APTI","Apptio, Inc.","22.48","$907.93M","2016","Technology","Computer Software: Prepackaged Software","http://www.nasdaq.com/symbol/apti",
"APRI","Apricus Biosciences, Inc.","1.6","$24.34M","n/a","Health Care","Major Pharmaceuticals","http://www.nasdaq.com/symbol/apri",
"APVO","Aptevo Therapeutics Inc.","2.87","$61.5M","n/a","Health Care","Major Pharmaceuticals","http://www.nasdaq.com/symbol/apvo",
"APTO","Aptose Biosciences, Inc.","1.92","$48.78M","n/a","Health Care","Biotechnology: Biological Products (No Diagnostic Substances)","http://www.nasdaq.com/symbol/apto",
"AQMS","Aqua Metals, Inc.","3.25","$66.31M","2015","Basic Industries","Metal Fabrications","http://www.nasdaq.com/symbol/aqms",
"AQB","AquaBounty Technologies, Inc.","4.32","$38.43M","n/a","n/a","n/a","http://www.nasdaq.com/symbol/aqb",
"AQXP","Aquinox Pharmaceuticals, Inc.","11.11","$260.7M","2014","Health Care","Major Pharmaceuticals","http://www.nasdaq.com/symbol/aqxp",
"ARDM","Aradigm Corporation","3.57","$54.08M","1996","Health Care","Biotechnology: Electromedical & Electrotherapeutic Apparatus","http://www.nasdaq.com/symbol/ardm",
"ARLZ","Aralez Pharmaceuticals Inc.","1.65","$108.85M","n/a","Health Care","Major Pharmaceuticals","http://www.nasdaq.com/symbol/arlz",
"PETX","Aratana Therapeutics, Inc.","7.19","$309.17M","2013","Health Care","Major Pharmaceuticals","http://www.nasdaq.com/symbol/petx",
"ABUS","Arbutus Biopharma Corporation","5.75","$316.55M","n/a","Health Care","Major Pharmaceuticals","http://www.nasdaq.com/symbol/abus",
"ARCW","ARC Group Worldwide, Inc.","2.05","$37.33M","n/a","Capital Goods","Metal Fabrications","http://www.nasdaq.com/symbol/arcw",
"ABIO","ARCA biopharma, Inc.","1.45","$17.04M","n/a","Health Care","Biotechnology: In Vitro & In Vivo Diagnostic Substances","http://www.nasdaq.com/symbol/abio",
"RKDA","Arcadia Biosciences, Inc.","0.2383","$10.17M","2015","Basic Industries","Agricultural Chemicals","http://www.nasdaq.com/symbol/rkda",
"ARCB","ArcBest Corporation","32.35","$829.35M","n/a","Transportation","Trucking Freight/Courier Services","http://www.nasdaq.com/symbol/arcb",
"ACGL","Arch Capital Group Ltd.","95.96","$12.56B","n/a","Finance","Property-Casualty Insurers","http://www.nasdaq.com/symbol/acgl",
"ACGLO","Arch Capital Group Ltd.","25.46","n/a","n/a","Finance","Property-Casualty Insurers","http://www.nasdaq.com/symbol/acglo",
"ACGLP","Arch Capital Group Ltd.","24.95","n/a","n/a","Finance","Property-Casualty Insurers","http://www.nasdaq.com/symbol/acglp",
"APLP","Archrock Partners, L.P.","11.83","$830.3M","n/a","Public Utilities","Natural Gas Distribution","http://www.nasdaq.com/symbol/aplp",
"FUV","Arcimoto, Inc.","3.73","$65.01M","2017","Consumer Non-Durables","Motor Vehicles","http://www.nasdaq.com/symbol/fuv",
"ARCT","Arcturus Therapeutics Ltd.","10.01","$5.63M","2013","n/a","n/a","http://www.nasdaq.com/symbol/arct",
"ARDX","Ardelyx, Inc.","5.7","$270.95M","2014","Health Care","Major Pharmaceuticals","http://www.nasdaq.com/symbol/ardx",
"ARNA","Arena Pharmaceuticals, Inc.","26.53","$1.04B","2000","Health Care","Major Pharmaceuticals","http://www.nasdaq.com/symbol/arna",
"ARCC","Ares Capital Corporation","16.4","$6.99B","2004","n/a","n/a","http://www.nasdaq.com/symbol/arcc",
"ARGX","argenx SE","24.19","$650.02M","2017","Health Care","Biotechnology: Biological Products (No Diagnostic Substances)","http://www.nasdaq.com/symbol/argx",
"AGII","Argo Group International Holdings, Ltd.","58.225","$1.73B","n/a","Finance","Specialty Insurers","http://www.nasdaq.com/symbol/agii",
"AGIIL","Argo Group International Holdings, Ltd.","25.4646","n/a","n/a","Finance","Specialty Insurers","http://www.nasdaq.com/symbol/agiil",
"ARGS","Argos Therapeutics, Inc.","0.1989","$17.48M","2014","Health Care","Major Pharmaceuticals","http://www.nasdaq.com/symbol/args",
"ARKR","Ark Restaurants Corp.","24.04","$82.35M","n/a","Consumer Services","Restaurants","http://www.nasdaq.com/symbol/arkr",
"ARTX","Arotech Corporation","3.9","$102.94M","1994","Miscellaneous","Industrial Machinery/Components","http://www.nasdaq.com/symbol/artx",
"ARQL","ArQule, Inc.","1.42","$123.7M","1996","Health Care","Major Pharmaceuticals","http://www.nasdaq.com/symbol/arql",
"ARRY","Array BioPharma Inc.","11.52","$2.27B","2000","Health Care","Major Pharmaceuticals","http://www.nasdaq.com/symbol/arry",
"ARRS","ARRIS International plc","28.67","$5.36B","n/a","Technology","Radio And Television Broadcasting And Communications Equipment","http://www.nasdaq.com/symbol/arrs",
"DWAT","Arrow DWA Tactical ETF","11.6357","$8.14M","n/a","n/a","n/a","http://www.nasdaq.com/symbol/dwat",
"AROW","Arrow Financial Corporation","35.05","$487.91M","n/a","Finance","Major Banks","http://www.nasdaq.com/symbol/arow",
"ARWR","Arrowhead Pharmaceuticals, Inc.","3.7","$276.66M","n/a","Health Care","Major Pharmaceuticals","http://www.nasdaq.com/symbol/arwr",
"ASNS","Arsanis, Inc.","13.93","$150.71M","2017","n/a","n/a","http://www.nasdaq.com/symbol/asns",
"ARTNA","Artesian Resources Corporation","39.34","$361.65M","n/a","Public Utilities","Water Supply","http://www.nasdaq.com/symbol/artna",
"ARTW","Art&#39;s-Way Manufacturing Co., Inc.","2.5501","$10.61M","n/a","Capital Goods","Industrial Machinery/Components","http://www.nasdaq.com/symbol/artw",
"ASNA","Ascena Retail Group, Inc.","2.25","$441.02M","n/a","Consumer Services","Clothing/Shoe/Accessory Stores","http://www.nasdaq.com/symbol/asna",
"ASND","Ascendis Pharma A/S","36.94","$1.34B","2015","Health Care","Major Pharmaceuticals","http://www.nasdaq.com/symbol/asnd",
"ASCMA","Ascent Capital Group, Inc.","12.06","$148.66M","n/a","Consumer Services","Other Consumer Services","http://www.nasdaq.com/symbol/ascma",
"APWC","Asia Pacific Wire & Cable Corporation Limited","2.85","$39.39M","n/a","Basic Industries","Telecommunications Equipment","http://www.nasdaq.com/symbol/apwc",
"ASML","ASML Holding N.V.","180.33","$77.64B","1995","Technology","Industrial Machinery/Components","http://www.nasdaq.com/symbol/asml",
"ASPU","Aspen Group Inc.","8.87","$120.57M","n/a","Consumer Services","Other Consumer Services","http://www.nasdaq.com/symbol/aspu",
"AZPN","Aspen Technology, Inc.","67.29","$4.88B","1994","Technology","EDP Services","http://www.nasdaq.com/symbol/azpn",
"ASMB","Assembly Biosciences, Inc.","35.54","$618.32M","n/a","Health Care","Major Pharmaceuticals","http://www.nasdaq.com/symbol/asmb",
"ASFI","Asta Funding, Inc.","7.05","$46.7M","1995","Finance","Finance Companies","http://www.nasdaq.com/symbol/asfi",
"ASTE","Astec Industries, Inc.","53.28","$1.23B","1986","Capital Goods","Construction/Ag Equipment/Trucks","http://www.nasdaq.com/symbol/aste",
"ATRO","Astronics Corporation","38.44","$1.08B","n/a","Capital Goods","Military/Government/Technical","http://www.nasdaq.com/symbol/atro",
"ALOT","AstroNova, Inc.","12.25","$82.59M","1983","Technology","Computer peripheral equipment","http://www.nasdaq.com/symbol/alot",
"ASTC","Astrotech Corporation","2.7","$12.17M","n/a","Capital Goods","Military/Government/Technical","http://www.nasdaq.com/symbol/astc",
"ASUR","Asure Software Inc","13.98","$174.29M","n/a","Technology","EDP Services","http://www.nasdaq.com/symbol/asur",
"ASV","ASV Holdings, Inc.","8","$78.4M","2017","Capital Goods","Construction/Ag Equipment/Trucks","http://www.nasdaq.com/symbol/asv",
"ATAI","ATA Inc.","4.39","$106.42M","2008","Consumer Services","Other Consumer Services","http://www.nasdaq.com/symbol/atai",
"ATRA","Atara Biotherapeutics, Inc.","14.6","$446.7M","2014","Health Care","Biotechnology: Biological Products (No Diagnostic Substances)","http://www.nasdaq.com/symbol/atra",
"ATHN","athenahealth, Inc.","128.83","$5.16B","2007","Miscellaneous","Business Services","http://www.nasdaq.com/symbol/athn",
"ATNX","Athenex, Inc.","17.91","$1.04B","2017","Health Care","Major Pharmaceuticals","http://www.nasdaq.com/symbol/atnx",
"ATHX","Athersys, Inc.","1.84","$218.1M","n/a","Health Care","Major Pharmaceuticals","http://www.nasdaq.com/symbol/athx",
"ATAC","Atlantic Acquisition Corp.","9.9","$58.14M","2017","Finance","Business Services","http://www.nasdaq.com/symbol/atac",
"ATACR","Atlantic Acquisition Corp.","0.518","n/a","2017","Finance","Business Services","http://www.nasdaq.com/symbol/atacr",
"ATACU","Atlantic Acquisition Corp.","10.26","n/a","2017","Finance","Business Services","http://www.nasdaq.com/symbol/atacu",
"AAME","Atlantic American Corporation","3.6","$73.67M","n/a","Finance","Life Insurance","http://www.nasdaq.com/symbol/aame",
"ACBI","Atlantic Capital Bancshares, Inc.","16.55","$425.8M","n/a","Finance","Major Banks","http://www.nasdaq.com/symbol/acbi",
"ACFC","Atlantic Coast Financial Corporation","9.07","$141.07M","n/a","Finance","Savings Institutions","http://www.nasdaq.com/symbol/acfc",
"AY","Atlantica Yield plc","22.8","$2.28B","2014","n/a","n/a","http://www.nasdaq.com/symbol/ay",
"ATLC","Atlanticus Holdings Corporation","2.44","$37.68M","1995","Finance","Finance: Consumer Services","http://www.nasdaq.com/symbol/atlc",
"AAWW","Atlas Air Worldwide Holdings","53.55","$1.35B","n/a","Transportation","Transportation Services","http://www.nasdaq.com/symbol/aaww",
"AFH","Atlas Financial Holdings, Inc.","18.85","$226.78M","2013","Finance","Property-Casualty Insurers","http://www.nasdaq.com/symbol/afh",
"AFHBL","Atlas Financial Holdings, Inc.","26.07","n/a","n/a","Finance","Property-Casualty Insurers","http://www.nasdaq.com/symbol/afhbl",
"TEAM","Atlassian Corporation Plc","52.37","$12.05B","2015","Technology","Computer Software: Prepackaged Software","http://www.nasdaq.com/symbol/team",
"ATNI","ATN International, Inc.","54.62","$874.82M","n/a","Public Utilities","Telecommunications Equipment","http://www.nasdaq.com/symbol/atni",
"ATOM","Atomera Incorporated","2.94","$35.75M","2016","Technology","Semiconductors","http://www.nasdaq.com/symbol/atom",
"ATOS","Atossa Genetics Inc.","0.3324","$8.82M","2012","Health Care","Major Pharmaceuticals","http://www.nasdaq.com/symbol/atos",
"ATRC","AtriCure, Inc.","18.06","$622.6M","2005","Health Care","Medical/Dental Instruments","http://www.nasdaq.com/symbol/atrc",
"ATRI","Atrion Corporation","641.9","$1.19B","n/a","Health Care","Medical/Dental Instruments","http://www.nasdaq.com/symbol/atri",
"ATTU","Attunity Ltd.","7.67","$131.52M","n/a","Technology","Computer Software: Prepackaged Software","http://www.nasdaq.com/symbol/attu",
"LIFE","aTyr Pharma, Inc.","3.85","$114.39M","2015","Health Care","Biotechnology: Biological Products (No Diagnostic Substances)","http://www.nasdaq.com/symbol/life",
"AUBN","Auburn National Bancorporation, Inc.","35.5","$129.35M","n/a","Finance","Major Banks","http://www.nasdaq.com/symbol/aubn",
"BOLD","Audentes Therapeutics, Inc.","27.57","$766.01M","2016","Health Care","Biotechnology: Biological Products (No Diagnostic Substances)","http://www.nasdaq.com/symbol/bold",
"AUDC","AudioCodes Ltd.","6.64","$215.21M","1999","Public Utilities","Telecommunications Equipment","http://www.nasdaq.com/symbol/audc",
"AUPH","Aurinia Pharmaceuticals Inc","5.14","$431.62M","n/a","Health Care","Major Pharmaceuticals","http://www.nasdaq.com/symbol/auph",
"EARS","Auris Medical Holding AG","0.8075","$35.8M","2014","Health Care","Major Pharmaceuticals","http://www.nasdaq.com/symbol/ears",
"ADSK","Autodesk, Inc.","127.49","$27.94B","n/a","Technology","Computer Software: Prepackaged Software","http://www.nasdaq.com/symbol/adsk",
"ADP","Automatic Data Processing, Inc.","111.06","$49.25B","n/a","Technology","EDP Services","http://www.nasdaq.com/symbol/adp",
"AUTO","AutoWeb, Inc.","8.48","$110.95M","n/a","Technology","Computer Software: Programming, Data Processing","http://www.nasdaq.com/symbol/auto",
"AVDL","Avadel Pharmaceuticals plc","9.23","$367.01M","n/a","Health Care","Major Pharmaceuticals","http://www.nasdaq.com/symbol/avdl",
"ATXI","Avenue Therapeutics, Inc.","4.16","$42.7M","2017","Health Care","Major Pharmaceuticals","http://www.nasdaq.com/symbol/atxi",
"AVEO","AVEO Pharmaceuticals, Inc.","3.11","$367.98M","2010","Health Care","Major Pharmaceuticals","http://www.nasdaq.com/symbol/aveo",
"AVXS","AveXis, Inc.","97.28","$3.11B","2016","Health Care","Biotechnology: Biological Products (No Diagnostic Substances)","http://www.nasdaq.com/symbol/avxs",
"AVNW","Aviat Networks, Inc.","15.76","$83.82M","n/a","Technology","Radio And Television Broadcasting And Communications Equipment","http://www.nasdaq.com/symbol/avnw",
"AVID","Avid Technology, Inc.","5.92","$243.82M","1993","Technology","Computer Software: Prepackaged Software","http://www.nasdaq.com/symbol/avid",
"AVGR","Avinger, Inc.","0.24","$5.97M","2015","Health Care","Medical/Dental Instruments","http://www.nasdaq.com/symbol/avgr",
"AVIR","Aviragen Therapeutics, Inc.","0.56","$21.64M","n/a","Health Care","Biotechnology: Biological Products (No Diagnostic Substances)","http://www.nasdaq.com/symbol/avir",
"CAR","Avis Budget Group, Inc.","35.01","$2.85B","n/a","Consumer Services","Rental/Leasing Companies","http://www.nasdaq.com/symbol/car",
"AHPA","Avista Healthcare Public Acquisition Corp.","9.9601","$385.95M","2016","Finance","Business Services","http://www.nasdaq.com/symbol/ahpa",
"AHPAU","Avista Healthcare Public Acquisition Corp.","10.35","n/a","2016","Finance","Business Services","http://www.nasdaq.com/symbol/ahpau",
"AHPAW","Avista Healthcare Public Acquisition Corp.","0.35","n/a","2016","Finance","Business Services","http://www.nasdaq.com/symbol/ahpaw",
"AWRE","Aware, Inc.","4.7","$101.58M","1996","Technology","Computer Software: Prepackaged Software","http://www.nasdaq.com/symbol/awre",
"ACLS","Axcelis Technologies, Inc.","34.3","$1.08B","2000","Technology","Industrial Machinery/Components","http://www.nasdaq.com/symbol/acls",
"AXGN","AxoGen, Inc.","23.6","$789.56M","n/a","Health Care","Biotechnology: Electromedical & Electrotherapeutic Apparatus","http://www.nasdaq.com/symbol/axgn",
"AAXN","Axon Enterprise, Inc.","23.13","$1.22B","n/a","Capital Goods","Ordnance And Accessories","http://www.nasdaq.com/symbol/aaxn",
"AXON          ","Axovant Sciences Ltd.","4.99","$537.47M","n/a","Health Care","Major Pharmaceuticals","http://www.nasdaq.com/symbol/axon",
"AXSM","Axsome Therapeutics, Inc.","4.7","$111.26M","2015","Health Care","Major Pharmaceuticals","http://www.nasdaq.com/symbol/axsm",
"AXTI","AXT Inc","9.3","$361.69M","1998","Technology","Semiconductors","http://www.nasdaq.com/symbol/axti",
"AYTU","Aytu BioScience, Inc.","3.05","$13.43M","n/a","Health Care","Major Pharmaceuticals","http://www.nasdaq.com/symbol/aytu",
"AZRX","AzurRx BioPharma, Inc.","2.91","$33.62M","2016","Health Care","Major Pharmaceuticals","http://www.nasdaq.com/symbol/azrx",
"BCOM","B Communications Ltd.","15.27","$456.41M","n/a","Consumer Services","Telecommunications Equipment","http://www.nasdaq.com/symbol/bcom",
"RILY","B. Riley Financial, Inc.","17.8","$471.12M","n/a","Miscellaneous","Business Services","http://www.nasdaq.com/symbol/rily",
"RILYL","B. Riley Financial, Inc.","25.83","n/a","n/a","Miscellaneous","Business Services","http://www.nasdaq.com/symbol/rilyl",
"RILYZ","B. Riley Financial, Inc.","25.92","n/a","n/a","Miscellaneous","Business Services","http://www.nasdaq.com/symbol/rilyz",
"BOSC","B.O.S. Better Online Solutions","2","$6.47M","n/a","Technology","Computer Communications Equipment","http://www.nasdaq.com/symbol/bosc",
"BIDU","Baidu, Inc.","239.27","$83.08B","2005","Technology","Computer Software: Programming, Data Processing","http://www.nasdaq.com/symbol/bidu",
"BCPC","Balchem Corporation","83.46","$2.67B","n/a","Basic Industries","Major Chemicals","http://www.nasdaq.com/symbol/bcpc",
"BWINA","Baldwin & Lyons, Inc.","23.08","$347.05M","n/a","Finance","Property-Casualty Insurers","http://www.nasdaq.com/symbol/bwina",
"BWINB","Baldwin & Lyons, Inc.","23.4","$351.86M","n/a","Finance","Property-Casualty Insurers","http://www.nasdaq.com/symbol/bwinb",
"BLDP","Ballard Power Systems, Inc.","4.67","$827.41M","n/a","Energy","Industrial Machinery/Components","http://www.nasdaq.com/symbol/bldp",
"BANF","BancFirst Corporation","53.8","$1.71B","1993","Finance","Major Banks","http://www.nasdaq.com/symbol/banf",
"BANFP","BancFirst Corporation","26.8","$26.8M","n/a","Finance","Major Banks","http://www.nasdaq.com/symbol/banfp",
"BCTF","Bancorp 34, Inc.","14.3","$49.25M","n/a","Finance","Savings Institutions","http://www.nasdaq.com/symbol/bctf",
"BAND","Bandwidth Inc.","18.16","$320M","2017","Technology","Computer Software: Prepackaged Software","http://www.nasdaq.com/symbol/band",
"BKMU","Bank Mutual Corporation","10.25","$471.59M","n/a","Finance","Savings Institutions","http://www.nasdaq.com/symbol/bkmu",
"BOCH","Bank of Commerce Holdings (CA)","11.7","$190.38M","n/a","Finance","Major Banks","http://www.nasdaq.com/symbol/boch",
"BMRC","Bank of Marin Bancorp","68.1","$420.72M","n/a","Finance","Major Banks","http://www.nasdaq.com/symbol/bmrc",
"BMLP","Bank Of Montreal","46.369","$46.37M","n/a","Finance","Commercial Banks","http://www.nasdaq.com/symbol/bmlp",
"BKSC","Bank of South Carolina Corp.","18.4","$91.71M","n/a","Finance","Major Banks","http://www.nasdaq.com/symbol/bksc",
"BOTJ","Bank of the James Financial Group, Inc.","14.85","$65.02M","n/a","Finance","Major Banks","http://www.nasdaq.com/symbol/botj",
"OZRK","Bank of the Ozarks","44.1","$5.65B","1997","Finance","Major Banks","http://www.nasdaq.com/symbol/ozrk",
"BFIN","BankFinancial Corporation","15.45","$278.86M","n/a","Finance","Savings Institutions","http://www.nasdaq.com/symbol/bfin",
"BWFG","Bankwell Financial Group, Inc.","33.7","$260.07M","2014","Finance","Major Banks","http://www.nasdaq.com/symbol/bwfg",
"BANR","Banner Corporation","56.54","$1.86B","n/a","Finance","Major Banks","http://www.nasdaq.com/symbol/banr",
"BZUN","Baozun Inc.","35.5","$1.93B","2015","Consumer Services","Catalog/Specialty Distribution","http://www.nasdaq.com/symbol/bzun",
"TAPR","Barclays Inverse US Treasury Composite ETN","22.28","$15.15M","n/a","Finance","Commercial Banks","http://www.nasdaq.com/symbol/tapr",
"DLBL","Barclays PLC","78.32","$4.79M","n/a","Finance","Commercial Banks","http://www.nasdaq.com/symbol/dlbl",
"DTYL","Barclays PLC","77.8787","$5.36M","n/a","Finance","Commercial Banks","http://www.nasdaq.com/symbol/dtyl",
"BHAC","Barington/Hilco Acquisition Corp.","10.99","$52.2M","2015","Finance","Business Services","http://www.nasdaq.com/symbol/bhac",
"BHACR","Barington/Hilco Acquisition Corp.","0.1998","n/a","2015","Finance","Business Services","http://www.nasdaq.com/symbol/bhacr",
"BUFF","Blue Buffalo Pet Products, Inc.","29.06","$5.67B","2015","Consumer Non-Durables","Packaged Foods","http://www.nasdaq.com/symbol/buff",
"BHBK","Blue Hills Bancorp, Inc.","20.95","$562.02M","2014","Finance","Major Banks","http://www.nasdaq.com/symbol/bhbk",
"BLUE","bluebird bio, Inc.","163.2","$7.48B","2013","Health Care","Biotechnology: Biological Products (No Diagnostic Substances)","http://www.nasdaq.com/symbol/blue",
"BKEP","Blueknight Energy Partners L.P., L.L.C.","5.45","$208.42M","2011","Energy","Natural Gas Distribution","http://www.nasdaq.com/symbol/bkep",
"BKEPP","Blueknight Energy Partners L.P., L.L.C.","7.57","$228.3M","n/a","Energy","Natural Gas Distribution","http://www.nasdaq.com/symbol/bkepp",
"BPMC","Blueprint Medicines Corporation","66.17","$2.59B","2015","Health Care","Major Pharmaceuticals","http://www.nasdaq.com/symbol/bpmc",
"BMCH","BMC Stock Holdings, Inc.","22.75","$1.53B","2013","Consumer Services","RETAIL: Building Materials","http://www.nasdaq.com/symbol/bmch",
"BOBE","Bob Evans Farms, Inc.","77.55","$1.55B","n/a","Consumer Services","Restaurants","http://www.nasdaq.com/symbol/bobe",
"BOFI","BofI Holding, Inc.","25.85","$1.65B","2005","Finance","Savings Institutions","http://www.nasdaq.com/symbol/bofi",
"BOFIL","BofI Holding, Inc.","25.4","n/a","n/a","Finance","Savings Institutions","http://www.nasdaq.com/symbol/bofil",
"WIFI","Boingo Wireless, Inc.","23.85","$972.97M","2011","Consumer Services","Telecommunications Equipment","http://www.nasdaq.com/symbol/wifi",
"BOJA","Bojangles&#39;, Inc.","13","$481.9M","2015","Consumer Services","Restaurants","http://www.nasdaq.com/symbol/boja",
"BOKF","BOK Financial Corporation","84.53","$5.53B","n/a","Finance","Major Banks","http://www.nasdaq.com/symbol/bokf",
"BOKFL","BOK Financial Corporation","25.64","n/a","n/a","Finance","Major Banks","http://www.nasdaq.com/symbol/bokfl",
"BNSO","Bonso Electronics International, Inc.","2.59","$12.85M","n/a","Capital Goods","Industrial Machinery/Components","http://www.nasdaq.com/symbol/bnso",
"BRQS","Borqs Technologies, Inc. ","5.3","$163.26M","2015","Finance","Business Services","http://www.nasdaq.com/symbol/brqs",
"BRQSW","Borqs Technologies, Inc. ","0.28","n/a","2015","Finance","Business Services","http://www.nasdaq.com/symbol/brqsw",
"BOMN","Boston Omaha Corporation","18.09","$259.82M","n/a","Finance","Real Estate","http://www.nasdaq.com/symbol/bomn",
"BPFH","Boston Private Financial Holdings, Inc.","15.5","$1.31B","n/a","Finance","Major Banks","http://www.nasdaq.com/symbol/bpfh",
"BPFHP","Boston Private Financial Holdings, Inc.","25.5301","n/a","n/a","Finance","Major Banks","http://www.nasdaq.com/symbol/bpfhp",
"BPFHW","Boston Private Financial Holdings, Inc.","9.56","n/a","n/a","Finance","Major Banks","http://www.nasdaq.com/symbol/bpfhw",
"EPAY","Bottomline Technologies, Inc.","33.03","$1.34B","1999","Technology","Computer Software: Prepackaged Software","http://www.nasdaq.com/symbol/epay",
"BLVD","Boulevard Acquisition Corp. II","9.9985","$462.43M","2015","Finance","Business Services","http://www.nasdaq.com/symbol/blvd",
"BLVDU","Boulevard Acquisition Corp. II","10.37","n/a","2015","Finance","Business Services","http://www.nasdaq.com/symbol/blvdu",
"BLVDW","Boulevard Acquisition Corp. II","0.7","n/a","2015","Finance","Business Services","http://www.nasdaq.com/symbol/blvdw",
"BCLI","Brainstorm Cell Therapeutics Inc.","4.13","$77.82M","n/a","Health Care","Biotechnology: Biological Products (No Diagnostic Substances)","http://www.nasdaq.com/symbol/bcli",
"BBRG","Bravo Brio Restaurant Group, Inc.","2.45","$37.25M","2010","Consumer Services","Restaurants","http://www.nasdaq.com/symbol/bbrg",
"BDGE","Bridge Bancorp, Inc.","34.5","$679.99M","n/a","Finance","Major Banks","http://www.nasdaq.com/symbol/bdge",
"BLIN          ","Bridgeline Digital, Inc.","2.65","$11.13M","n/a","Technology","Computer Software: Prepackaged Software","http://www.nasdaq.com/symbol/blin",
"BRID","Bridgford Foods Corporation","12.7","$115.28M","n/a","Consumer Non-Durables","Specialty Foods","http://www.nasdaq.com/symbol/brid",
"BCOV","Brightcove Inc.","7.4","$256.28M","2012","Technology","EDP Services","http://www.nasdaq.com/symbol/bcov",
"BHF","Brighthouse Financial, Inc.","55.67","$6.67B","n/a","Finance","Life Insurance","http://www.nasdaq.com/symbol/bhf",
"AVGO","Broadcom Limited","271.86","$110.91B","2009","Technology","Semiconductors","http://www.nasdaq.com/symbol/avgo",
"BSFT","BroadSoft, Inc.","54.7","$1.73B","2010","Technology","Computer Software: Prepackaged Software","http://www.nasdaq.com/symbol/bsft",
"BVSN","BroadVision, Inc.","4","$19.86M","1996","Technology","Computer Software: Prepackaged Software","http://www.nasdaq.com/symbol/bvsn",
"BYFC","Broadway Financial Corporation","2.31","$63.41M","n/a","Finance","Savings Institutions","http://www.nasdaq.com/symbol/byfc",
"BWEN","Broadwind Energy, Inc.","2.41","$36.5M","n/a","Capital Goods","Metal Fabrications","http://www.nasdaq.com/symbol/bwen",
"BRCD","Brocade Communications Systems, Inc.","12.73","$5.27B","1999","Technology","Computer Communications Equipment","http://www.nasdaq.com/symbol/brcd",
"BPY","Brookfield Property Partners L.P.","21.94","$5.59B","n/a","Finance","Real Estate","http://www.nasdaq.com/symbol/bpy",
"BRKL","Brookline Bancorp, Inc.","15.15","$1.16B","n/a","Finance","Savings Institutions","http://www.nasdaq.com/symbol/brkl",
"BRKS","Brooks Automation, Inc.","27.46","$1.92B","1995","Technology","Industrial Machinery/Components","http://www.nasdaq.com/symbol/brks",
"BRKR","Bruker Corporation","33.74","$5.25B","n/a","Capital Goods","Biotechnology: Laboratory Analytical Instruments","http://www.nasdaq.com/symbol/brkr",
"BMTC","Bryn Mawr Bank Corporation","43.35","$739.68M","n/a","Finance","Major Banks","http://www.nasdaq.com/symbol/bmtc",
"BLMT","BSB Bancorp, Inc.","30.85","$299.7M","2011","Finance","Major Banks","http://www.nasdaq.com/symbol/blmt",
"BSQR","BSQUARE Corporation","5.275","$66.61M","1999","Miscellaneous","Business Services","http://www.nasdaq.com/symbol/bsqr",
"BWLD","Buffalo Wild Wings, Inc.","138.25","$2.14B","2003","Consumer Services","Restaurants","http://www.nasdaq.com/symbol/bwld",
"BLDR","Builders FirstSource, Inc.","19.14","$2.16B","2005","Consumer Services","RETAIL: Building Materials","http://www.nasdaq.com/symbol/bldr",
"BUR","Burcon NutraScience Corp","0.4489","$16.98M","n/a","Consumer Non-Durables","Packaged Foods","http://www.nasdaq.com/symbol/bur",
"CFFI","C&F Financial Corporation","59.05","$205.95M","n/a","Finance","Major Banks","http://www.nasdaq.com/symbol/cffi",
"CHRW","C.H. Robinson Worldwide, Inc.","78.44","$10.93B","1997","Transportation","Oil Refining/Marketing","http://www.nasdaq.com/symbol/chrw",
"CA","CA Inc.","32.51","$13.61B","n/a","Technology","Computer Software: Prepackaged Software","http://www.nasdaq.com/symbol/ca",
"CCMP","Cabot Microelectronics Corporation","98.42","$2.49B","2000","Technology","Semiconductors","http://www.nasdaq.com/symbol/ccmp",
"CDNS","Cadence Design Systems, Inc.","44.58","$12.59B","n/a","Technology","Computer Software: Prepackaged Software","http://www.nasdaq.com/symbol/cdns",
"CDZI","Cadiz, Inc.","13.1","$298.71M","n/a","Public Utilities","Water Supply","http://www.nasdaq.com/symbol/cdzi",
"CZR","Caesars Entertainment Corporation","12.325","$8.68B","2012","Consumer Services","Hotels/Resorts","http://www.nasdaq.com/symbol/czr",
"CSTE","Caesarstone Ltd.","25.15","$863.19M","2012","Capital Goods","Building Materials","http://www.nasdaq.com/symbol/cste",
"PRSS","CafePress Inc.","1.86","$31.36M","2012","Consumer Services","Other Specialty Stores","http://www.nasdaq.com/symbol/prss",
"CLBS","Caladrius Biosciences, Inc.","3.5","$33.15M","n/a","Health Care","Hospital/Nursing Management","http://www.nasdaq.com/symbol/clbs",
"CHY","Calamos Convertible and High Income Fund","11.74","$851.58M","2003","n/a","n/a","http://www.nasdaq.com/symbol/chy",
"EVBG","Everbridge, Inc.","26.07","$736.6M","2016","Technology","Computer Software: Prepackaged Software","http://www.nasdaq.com/symbol/evbg",
"EVK","Ever-Glory International Group, Inc.","2.35","$34.77M","n/a","Consumer Non-Durables","Apparel","http://www.nasdaq.com/symbol/evk",
"MRAM","Everspin Technologies, Inc.","7.98","$101.88M","2016","Technology","Semiconductors","http://www.nasdaq.com/symbol/mram",
"EVLV","EVINE Live Inc.","1.31","$85.44M","n/a","Consumer Services","Catalog/Specialty Distribution","http://www.nasdaq.com/symbol/evlv",
"EVGN","Evogene Ltd.","3.83","$98.62M","n/a","Basic Industries","Agricultural Chemicals","http://www.nasdaq.com/symbol/evgn",
"EVOK","Evoke Pharma, Inc.","2.79","$42.93M","2013","Health Care","Major Pharmaceuticals","http://www.nasdaq.com/symbol/evok",
"EVOL","Evolving Systems, Inc.","4.6","$57.61M","1998","Technology","EDP Services","http://www.nasdaq.com/symbol/evol",
"EXA","Exa Corporation","24.235","$365.18M","2012","Technology","Computer Software: Prepackaged Software","http://www.nasdaq.com/symbol/exa",
"EXAS","Exact Sciences Corporation","58.87","$7.05B","2001","Health Care","Biotechnology: Commercial Physical & Biological Resarch","http://www.nasdaq.com/symbol/exas",
"EXAC","Exactech, Inc.","41.8","$600.51M","1996","Health Care","Industrial Specialties","http://www.nasdaq.com/symbol/exac",
"XELA","Exela Technologies, Inc.","5.35","$805.59M","2015","Miscellaneous","Business Services","http://www.nasdaq.com/symbol/xela",
"EXEL","Exelixis, Inc.","26.38","$7.8B","2000","Health Care","Biotechnology: Commercial Physical & Biological Resarch","http://www.nasdaq.com/symbol/exel",
"EXFO","EXFO Inc","4.3","$99.86M","n/a","Capital Goods","Electrical Products","http://www.nasdaq.com/symbol/exfo",
"EXLS","ExlService Holdings, Inc.","61.5","$2.09B","2006","Miscellaneous","Business Services","http://www.nasdaq.com/symbol/exls",
"EXPE","Expedia, Inc.","123.95","$18.9B","n/a","Consumer Services","Transportation Services","http://www.nasdaq.com/symbol/expe",
"EXPD","Expeditors International of Washington, Inc.","59.13","$10.51B","n/a","Transportation","Oil Refining/Marketing","http://www.nasdaq.com/symbol/expd",
"EXPO","Exponent, Inc.","73.5","$1.9B","n/a","Consumer Services","Professional Services","http://www.nasdaq.com/symbol/expo",
"ESRX","Express Scripts Holding Company","61.94","$35.08B","1992","Health Care","Medical/Nursing Services","http://www.nasdaq.com/symbol/esrx",
"XOG","Extraction Oil & Gas, Inc.","15.55","$2.67B","2016","Energy","Oil & Gas Production","http://www.nasdaq.com/symbol/xog",
"EXTR","Extreme Networks, Inc.","12.81","$1.45B","1999","Technology","Computer Communications Equipment","http://www.nasdaq.com/symbol/extr",
"EYEG","Eyegate Pharmaceuticals, Inc.","1.09","$18.75M","n/a","Health Care","Major Pharmaceuticals","http://www.nasdaq.com/symbol/eyeg",
"EYEGW","Eyegate Pharmaceuticals, Inc.","0.0979","n/a","n/a","Health Care","Major Pharmaceuticals","http://www.nasdaq.com/symbol/eyegw",
"EZPW","EZCORP, Inc.","11.15","$605.41M","1991","Consumer Services","Other Specialty Stores","http://www.nasdaq.com/symbol/ezpw",
"FFIV","F5 Networks, Inc.","123.58","$7.74B","1999","Technology","Computer Communications Equipment","http://www.nasdaq.com/symbol/ffiv",
"FB","Facebook, Inc.","179","$520.14B","2012","Technology","Computer Software: Programming, Data Processing","http://www.nasdaq.com/symbol/fb",
"DAVE","Famous Dave&#39;s of America, Inc.","4.7","$34.67M","n/a","Consumer Services","Restaurants","http://www.nasdaq.com/symbol/dave",
"FANH","Fanhua Inc.","20.78","$1.28B","n/a","Finance","Specialty Insurers","http://www.nasdaq.com/symbol/fanh",
"FARM","Farmer Brothers Company","33.5","$564.25M","n/a","Consumer Non-Durables","Packaged Foods","http://www.nasdaq.com/symbol/farm",
"FMAO","Farmers & Merchants Bancorp, Inc.","37.99","$352.04M","n/a","Finance","Savings Institutions","http://www.nasdaq.com/symbol/fmao",
"FFKT","Farmers Capital Bank Corporation","40.9","$307.4M","n/a","Finance","Major Banks","http://www.nasdaq.com/symbol/ffkt",
"FMNB","Farmers National Banc Corp.","14.05","$386.99M","n/a","Finance","Major Banks","http://www.nasdaq.com/symbol/fmnb",
"FARO","FARO Technologies, Inc.","51.8","$865.64M","1997","Capital Goods","Industrial Machinery/Components","http://www.nasdaq.com/symbol/faro",
"FAST","Fastenal Company","48.47","$13.93B","1987","Consumer Services","RETAIL: Building Materials","http://www.nasdaq.com/symbol/fast",
"FAT","FAT Brands Inc.","9.28","$92.8M","2017","Consumer Services","Restaurants","http://www.nasdaq.com/symbol/fat",
"FATE","Fate Therapeutics, Inc.","4.37","$182.17M","2013","Health Care","Biotechnology: Biological Products (No Diagnostic Substances)","http://www.nasdaq.com/symbol/fate",
"FBSS","Fauquier Bankshares, Inc.","20.85","$78.45M","n/a","Finance","Major Banks","http://www.nasdaq.com/symbol/fbss",
"FCRE","FC Global Realty Incorporated","1.0899","$5.71M","n/a","Health Care","Biotechnology: Electromedical & Electrotherapeutic Apparatus","http://www.nasdaq.com/symbol/fcre",
"FMI","Foundation Medicine, Inc.","50.2","$1.82B","2013","Health Care","Medical Specialities","http://www.nasdaq.com/symbol/fmi",
"FOXF","Fox Factory Holding Corp.","37.35","$1.4B","2013","Consumer Non-Durables","Motor Vehicles","http://www.nasdaq.com/symbol/foxf",
"FRAN","Francesca&#39;s Holdings Corporation","7.43","$272.94M","2011","Consumer Services","Clothing/Shoe/Accessory Stores","http://www.nasdaq.com/symbol/fran",
"FELE","Franklin Electric Co., Inc.","44.35","$2.07B","n/a","Consumer Durables","Metal Fabrications","http://www.nasdaq.com/symbol/fele",
"FRED","Fred&#39;s, Inc.","4.96","$188.87M","1992","Consumer Services","Department/Specialty Retail Stores","http://www.nasdaq.com/symbol/fred",
"RAIL","Freightcar America, Inc.","15.61","$193.5M","2005","Capital Goods","Railroads","http://www.nasdaq.com/symbol/rail",
"FEIM","Frequency Electronics, Inc.","9.39","$81.97M","n/a","Capital Goods","Electrical Products","http://www.nasdaq.com/symbol/feim",
"FRPT","Freshpet, Inc.","18.1","$630.99M","2014","Consumer Non-Durables","Packaged Foods","http://www.nasdaq.com/symbol/frpt",
"FTEO","FRONTEO, Inc.","10.8098","$205.42M","2013","n/a","n/a","http://www.nasdaq.com/symbol/fteo",
"FTR","Frontier Communications Corporation","6.96","$546.07M","n/a","Public Utilities","Telecommunications Equipment","http://www.nasdaq.com/symbol/ftr",
"FTRPR","Frontier Communications Corporation","12.77","n/a","n/a","Public Utilities","Telecommunications Equipment","http://www.nasdaq.com/symbol/ftrpr",
"FRPH","FRP Holdings, Inc.","45","$450.32M","n/a","Finance","Real Estate","http://www.nasdaq.com/symbol/frph",
"FSBW","FS Bancorp, Inc.","57.57","$211.56M","2012","Finance","Banks","http://www.nasdaq.com/symbol/fsbw",
"FSBC","FSB Bancorp, Inc.","16.8","$32.52M","n/a","Finance","Savings Institutions","http://www.nasdaq.com/symbol/fsbc",
"FTD","FTD Companies, Inc.","7.76","$213.76M","n/a","Consumer Services","Other Consumer Services","http://www.nasdaq.com/symbol/ftd",
"FTEK","Fuel Tech, Inc.","0.97","$23.41M","n/a","Capital Goods","Pollution Control Equipment","http://www.nasdaq.com/symbol/ftek",
"FCEL","FuelCell Energy, Inc.","1.58","$110.45M","n/a","Miscellaneous","Industrial Machinery/Components","http://www.nasdaq.com/symbol/fcel",
"FLGT","Fulgent Genetics, Inc.","3.26","$58.1M","2016","Health Care","Medical Specialities","http://www.nasdaq.com/symbol/flgt",
"FORK","Fuling Global Inc.","4.9","$77.21M","2015","Consumer Non-Durables","Plastic Products","http://www.nasdaq.com/symbol/fork",
"FLL","Full House Resorts, Inc.","3.45","$78.97M","n/a","Consumer Services","Hotels/Resorts","http://www.nasdaq.com/symbol/fll",
"FULT","Fulton Financial Corporation","18","$3.15B","n/a","Finance","Major Banks","http://www.nasdaq.com/symbol/fult",
"FNKO","Funko, Inc.","7.41","$358M","2017","Consumer Non-Durables","Recreational Products/Toys","http://www.nasdaq.com/symbol/fnko",
"FSNN","Fusion Telecommunications International, Inc.","2.85","$63.75M","n/a","Technology","Computer Software: Prepackaged Software","http://www.nasdaq.com/symbol/fsnn",
"FTFT","Future FinTech Group Inc.","1.5184","$7.85M","n/a","Consumer Non-Durables","Packaged Foods","http://www.nasdaq.com/symbol/ftft",
"FFHL","Fuwei Films (Holdings) Co., Ltd.","2.67","$8.72M","2006","Capital Goods","Specialty Chemicals","http://www.nasdaq.com/symbol/ffhl",
"WILC","G. Willi-Food International,  Ltd.","5.8059","$76.88M","n/a","Consumer Non-Durables","Food Distributors","http://www.nasdaq.com/symbol/wilc",
"GTHX","G1 Therapeutics, Inc.","20.75","$588.16M","2017","Health Care","Major Pharmaceuticals","http://www.nasdaq.com/symbol/gthx",
"FOANC","Gabelli NextShares Trust","100.04","n/a","n/a","n/a","n/a","http://www.nasdaq.com/symbol/foanc",
"MOGLC","Gabelli NextShares Trust","100.04","n/a","n/a","n/a","n/a","http://www.nasdaq.com/symbol/moglc",
"GAIA","Gaia, Inc.","12.2","$185.05M","1999","Consumer Services","Movies/Entertainment","http://www.nasdaq.com/symbol/gaia",
"GLPG","Galapagos NV","90.83","$4.62B","2015","Health Care","Major Pharmaceuticals","http://www.nasdaq.com/symbol/glpg",
"GALT","Galectin Therapeutics Inc.","3.05","$108.7M","n/a","Health Care","Major Pharmaceuticals","http://www.nasdaq.com/symbol/galt",
"GALE","Galena Biopharma, Inc.","0.3","$13.71M","n/a","Health Care","Major Pharmaceuticals","http://www.nasdaq.com/symbol/gale",
"GLMD","Galmed Pharmaceuticals Ltd.","7.81","$99.45M","2014","Health Care","Major Pharmaceuticals","http://www.nasdaq.com/symbol/glmd",
"GLPI","Gaming and Leisure Properties, Inc.","35.71","$7.59B","n/a","Consumer Services","Real Estate Investment Trusts","http://www.nasdaq.com/symbol/glpi",
"GPIC","Gaming Partners International Corporation","11.022","$87.43M","n/a","Consumer Non-Durables","Recreational Products/Toys","http://www.nasdaq.com/symbol/gpic",
"GRMN","Garmin Ltd.","61.45","$11.53B","2000","Capital Goods","Industrial Machinery/Components","http://www.nasdaq.com/symbol/grmn",
"GARS","Garrison Capital Inc.","8.35","$134.01M","2013","n/a","n/a","http://www.nasdaq.com/symbol/gars",
"GDS","GDS Holdings Limited","19.84","$1.93B","2016","Technology","Computer Software: Programming, Data Processing","http://www.nasdaq.com/symbol/gds",
"GEMP","Gemphire Therapeutics Inc.","9.5","$101.01M","2016","Health Care","Major Pharmaceuticals","http://www.nasdaq.com/symbol/gemp",
"GENC","Gencor Industries Inc.","17.7","$254.91M","n/a","Capital Goods","Construction/Ag Equipment/Trucks","http://www.nasdaq.com/symbol/genc",
"GNCMA","General Communication, Inc.","41.13","$1.48B","n/a","Public Utilities","Telecommunications Equipment","http://www.nasdaq.com/symbol/gncma",
"GFN","General Finance Corporation","6.3","$167.76M","n/a","Technology","Diversified Commercial Services","http://www.nasdaq.com/symbol/gfn",
"GFNCP","General Finance Corporation","99.8016","n/a","n/a","Technology","Diversified Commercial Services","http://www.nasdaq.com/symbol/gfncp",
"GFNSL","General Finance Corporation","25.1","n/a","n/a","Technology","Diversified Commercial Services","http://www.nasdaq.com/symbol/gfnsl",
"GENE","Genetic Technologies Ltd","0.838","$13.61M","n/a","Health Care","Biotechnology: Biological Products (No Diagnostic Substances)","http://www.nasdaq.com/symbol/gene",
"GNUS","Genius Brands International, Inc.","2.88","$17.1M","n/a","Consumer Services","Movies/Entertainment","http://www.nasdaq.com/symbol/gnus",
"GNMK","GenMark Diagnostics, Inc.","4.77","$261.37M","2010","Health Care","Medical/Dental Instruments","http://www.nasdaq.com/symbol/gnmk",
"GNCA","Genocea Biosciences, Inc.","1.15","$33.01M","2014","Health Care","Biotechnology: Biological Products (No Diagnostic Substances)","http://www.nasdaq.com/symbol/gnca",
"GHDX","Genomic Health, Inc.","28.7","$998.34M","2005","Health Care","Medical Specialities","http://www.nasdaq.com/symbol/ghdx",
"GNTX","Gentex Corporation","19.04","$5.41B","n/a","Capital Goods","Auto Parts:O.E.M.","http://www.nasdaq.com/symbol/gntx",
"THRM","Gentherm Inc","34.25","$1.26B","n/a","Capital Goods","Auto Parts:O.E.M.","http://www.nasdaq.com/symbol/thrm",
"GEOS","Geospace Technologies Corporation","15.8","$212.35M","n/a","Capital Goods","Industrial Machinery/Components","http://www.nasdaq.com/symbol/geos",
"GABC","German American Bancorp, Inc.","35.1","$804.84M","n/a","Finance","Major Banks","http://www.nasdaq.com/symbol/gabc",
"GERN","Geron Corporation","1.92","$305.73M","1996","Health Care","Major Pharmaceuticals","http://www.nasdaq.com/symbol/gern",
"GEVO","Gevo, Inc.","0.62","$13.52M","2011","Basic Industries","Major Chemicals","http://www.nasdaq.com/symbol/gevo",
"ROCK","Gibraltar Industries, Inc.","31.65","$1B","1993","Capital Goods","Steel/Iron Ore","http://www.nasdaq.com/symbol/rock",
"GIGM","GigaMedia Limited","3.02","$33.38M","n/a","Technology","Computer Software: Programming, Data Processing","http://www.nasdaq.com/symbol/gigm",
"GIII","G-III Apparel Group, LTD.","26.72","$1.3B","1989","Consumer Non-Durables","Apparel","http://www.nasdaq.com/symbol/giii",
"GILT","Gilat Satellite Networks Ltd.","7.31","$399.5M","n/a","Technology","Radio And Television Broadcasting And Communications Equipment","http://www.nasdaq.com/symbol/gilt",
"GILD","Gilead Sciences, Inc.","72.44","$94.63B","1992","Health Care","Biotechnology: Biological Products (No Diagnostic Substances)","http://www.nasdaq.com/symbol/gild",
"GBCI","Glacier Bancorp, Inc.","37.02","$2.89B","n/a","Finance","Major Banks","http://www.nasdaq.com/symbol/gbci",
"GLAD","Gladstone Capital Corporation","9.78","$255.41M","2001","Consumer Non-Durables","Textiles","http://www.nasdaq.com/symbol/glad",
"GLADN","Gladstone Capital Corporation","25.9017","n/a","n/a","Consumer Non-Durables","Textiles","http://www.nasdaq.com/symbol/gladn",
"GOOD","Gladstone Commercial Corporation","22.53","$645.12M","2003","Consumer Services","Real Estate","http://www.nasdaq.com/symbol/good",
"GOODM","Gladstone Commercial Corporation","25.99","n/a","n/a","Consumer Services","Real Estate","http://www.nasdaq.com/symbol/goodm",
"GOODO","Gladstone Commercial Corporation","26.1534","$30.08M","n/a","Consumer Services","Real Estate","http://www.nasdaq.com/symbol/goodo",
"GOODP","Gladstone Commercial Corporation","27.217","$27.22M","n/a","Consumer Services","Real Estate","http://www.nasdaq.com/symbol/goodp",
"GAIN","Gladstone Investment Corporation","11.15","$362.67M","2005","n/a","n/a","http://www.nasdaq.com/symbol/gain",
"GAINM","Gladstone Investment Corporation","25.54","n/a","n/a","n/a","n/a","http://www.nasdaq.com/symbol/gainm",
"GAINN","Gladstone Investment Corporation","25.54","n/a","n/a","n/a","n/a","http://www.nasdaq.com/symbol/gainn",
"GAINO","Gladstone Investment Corporation","25.1094","n/a","n/a","n/a","n/a","http://www.nasdaq.com/symbol/gaino",
"LAND","Gladstone Land Corporation","13.44","$183.29M","2013","Consumer Services","Real Estate Investment Trusts","http://www.nasdaq.com/symbol/land",
"GOGO","Gogo Inc.","10.54","$914.58M","2013","Consumer Services","Telecommunications Equipment","http://www.nasdaq.com/symbol/gogo",
"GLNG","Golar LNG Limited","23.7","$2.4B","n/a","Consumer Services","Marine Transportation","http://www.nasdaq.com/symbol/glng",
"GMLP","Golar LNG Partners LP","21.75","$1.51B","2011","Consumer Services","Marine Transportation","http://www.nasdaq.com/symbol/gmlp",
"GMLPP","Golar LNG Partners LP","25.2478","n/a","n/a","Consumer Services","Marine Transportation","http://www.nasdaq.com/symbol/gmlpp",
"GDEN","Golden Entertainment, Inc.","30.9","$814.88M","n/a","Consumer Services","Services-Misc. Amusement & Recreation","http://www.nasdaq.com/symbol/gden",
"GOGL","Golden Ocean Group Limited","7.33","$1.03B","n/a","Consumer Services","Marine Transportation","http://www.nasdaq.com/symbol/gogl",
"GBDC","Golub Capital BDC, Inc.","19","$1.13B","2010","n/a","n/a","http://www.nasdaq.com/symbol/gbdc",
"GTIM","Good Times Restaurants Inc.","2.6","$32.31M","n/a","Consumer Services","Restaurants","http://www.nasdaq.com/symbol/gtim",
"GPRO","GoPro, Inc.","8.29","$1.21B","2014","Miscellaneous","Industrial Machinery/Components","http://www.nasdaq.com/symbol/gpro",
"GSHT","Gores Holdings II, Inc.","9.94","$497M","2017","Finance","Business Services","http://www.nasdaq.com/symbol/gsht",
"GSHTU","Gores Holdings II, Inc.","10.4492","n/a","2017","Finance","Business Services","http://www.nasdaq.com/symbol/gshtu",
"GSHTW","Gores Holdings II, Inc.","1.45","n/a","2017","Finance","Business Services","http://www.nasdaq.com/symbol/gshtw",
"KMDA","Kamada Ltd.","4.7","$189.2M","2013","Health Care","Major Pharmaceuticals","http://www.nasdaq.com/symbol/kmda",
"KNDI","Kandi Technologies Group, Inc.","7.75","$372.28M","n/a","Capital Goods","Auto Manufacturing","http://www.nasdaq.com/symbol/kndi",
"KPTI","Karyopharm Therapeutics Inc.","11.47","$541.16M","2013","Health Care","Major Pharmaceuticals","http://www.nasdaq.com/symbol/kpti",
"KAAC","Kayne Anderson Acquisition Corp.","9.68","$456.56M","2017","Finance","Business Services","http://www.nasdaq.com/symbol/kaac",
"KAACU","Kayne Anderson Acquisition Corp.","9.98","n/a","2017","Finance","Business Services","http://www.nasdaq.com/symbol/kaacu",
"KAACW","Kayne Anderson Acquisition Corp.","0.85","n/a","2017","Finance","Business Services","http://www.nasdaq.com/symbol/kaacw",
"KBLM","KBL Merger Corp. IV","9.69","$144.16M","2017","Finance","Business Services","http://www.nasdaq.com/symbol/kblm",
"KBLMR","KBL Merger Corp. IV","0.32","n/a","2017","Finance","Business Services","http://www.nasdaq.com/symbol/kblmr",
"KBLMU","KBL Merger Corp. IV","10.22","n/a","2017","Finance","Business Services","http://www.nasdaq.com/symbol/kblmu",
"KLIC","Kulicke and Soffa Industries, Inc.","26.8","$1.91B","n/a","Technology","Semiconductors","http://www.nasdaq.com/symbol/klic",
"KURA","Kura Oncology, Inc.","15.75","$475.9M","n/a","Health Care","Major Pharmaceuticals","http://www.nasdaq.com/symbol/kura",
"KVHI","KVH Industries, Inc.","10.75","$183.93M","1996","Technology","Radio And Television Broadcasting And Communications Equipment","http://www.nasdaq.com/symbol/kvhi",
"FSTR","L.B. Foster Company","21.65","$223.87M","n/a","Basic Industries","Metal Fabrications","http://www.nasdaq.com/symbol/fstr",
"LJPC","La Jolla Pharmaceutical Company","33.81","$748.73M","1994","Health Care","Biotechnology: Biological Products (No Diagnostic Substances)","http://www.nasdaq.com/symbol/ljpc",
"LSBK","Lake Shore Bancorp, Inc.","15.95","$97.33M","n/a","Finance","Savings Institutions","http://www.nasdaq.com/symbol/lsbk",
"LBAI","Lakeland Bancorp, Inc.","19.85","$939.95M","n/a","Finance","Major Banks","http://www.nasdaq.com/symbol/lbai",
"LKFN","Lakeland Financial Corporation","48.15","$1.21B","n/a","Finance","Major Banks","http://www.nasdaq.com/symbol/lkfn",
"LAKE","Lakeland Industries, Inc.","14.75","$118.48M","1986","Health Care","Industrial Specialties","http://www.nasdaq.com/symbol/lake",
"LRCX","Lam Research Corporation","210.47","$34.08B","1984","Technology","Industrial Machinery/Components","http://www.nasdaq.com/symbol/lrcx",
"LAMR","Lamar Advertising Company","76.56","$7.54B","1996","Consumer Services","Real Estate Investment Trusts","http://www.nasdaq.com/symbol/lamr",
"LANC","Lancaster Colony Corporation","126.41","$3.47B","n/a","Consumer Non-Durables","Packaged Foods","http://www.nasdaq.com/symbol/lanc",
"LCA","Landcadia Holdings, Inc.","10.04","$313.75M","2016","Finance","Business Services","http://www.nasdaq.com/symbol/lca",
"LCAHU","Landcadia Holdings, Inc.","10.73","n/a","2016","Finance","Business Services","http://www.nasdaq.com/symbol/lcahu",
"LCAHW","Landcadia Holdings, Inc.","0.73","n/a","2016","Finance","Business Services","http://www.nasdaq.com/symbol/lcahw",
"LNDC","Landec Corporation","12.8","$352.09M","1996","Consumer Non-Durables","Packaged Foods","http://www.nasdaq.com/symbol/lndc",
"LARK","Landmark Bancorp Inc.","29.45","$114.08M","n/a","Finance","Major Banks","http://www.nasdaq.com/symbol/lark",
"LMRK","Landmark Infrastructure Partners LP","17.1","$391.93M","2014","Consumer Services","Real Estate","http://www.nasdaq.com/symbol/lmrk",
"LMRKO","Landmark Infrastructure Partners LP","25","n/a","n/a","Consumer Services","Real Estate","http://www.nasdaq.com/symbol/lmrko",
"LMRKP","Landmark Infrastructure Partners LP","25.1","n/a","n/a","Consumer Services","Real Estate","http://www.nasdaq.com/symbol/lmrkp",
"LE","Lands&#39; End, Inc.","12.4","$397.98M","n/a","Consumer Services","Clothing/Shoe/Accessory Stores","http://www.nasdaq.com/symbol/le",
"LSTR","Landstar System, Inc.","95.2","$4B","1993","Transportation","Trucking Freight/Courier Services","http://www.nasdaq.com/symbol/lstr",
"LNTH","Lantheus Holdings, Inc.","22.35","$838.26M","2015","Health Care","Biotechnology: In Vitro & In Vivo Diagnostic Substances","http://www.nasdaq.com/symbol/lnth",
"LTRX","Lantronix, Inc.","1.93","$34.69M","2000","Technology","Computer Communications Equipment","http://www.nasdaq.com/symbol/ltrx",
"RNLC","Large Cap US Equity Select ETF","20.94","$8.38M","n/a","n/a","n/a","http://www.nasdaq.com/symbol/rnlc",
"LSCC","Lattice Semiconductor Corporation","6.28","$774.74M","n/a","Technology","Semiconductors","http://www.nasdaq.com/symbol/lscc",
"LAUR","Laureate Education, Inc.","10.64","$1.99B","2017","Consumer Services","Other Consumer Services","http://www.nasdaq.com/symbol/laur",
"LAWS","Lawson Products, Inc.","24.65","$219.09M","n/a","Consumer Durables","Industrial Specialties","http://www.nasdaq.com/symbol/laws",
"MBII","Marrone Bio Innovations, Inc.","1.1","$34.49M","2013","Basic Industries","Agricultural Chemicals","http://www.nasdaq.com/symbol/mbii",
"MRTN","Marten Transport, Ltd.","18.9","$1.03B","1986","Transportation","Trucking Freight/Courier Services","http://www.nasdaq.com/symbol/mrtn",
"MMLP","Martin Midstream Partners L.P.","13.725","$527.68M","2002","Energy","Oil Refining/Marketing","http://www.nasdaq.com/symbol/mmlp",
"MRVL","Marvell Technology Group Ltd.","20.29","$10.06B","2000","Technology","Semiconductors","http://www.nasdaq.com/symbol/mrvl",
"MASI","Masimo Corporation","86.55","$4.47B","2007","Health Care","Biotechnology: Electromedical & Electrotherapeutic Apparatus","http://www.nasdaq.com/symbol/masi",
"MTCH","Match Group, Inc.","28.82","$7.87B","2015","Technology","Computer Software: Programming, Data Processing","http://www.nasdaq.com/symbol/mtch",
"MTLS","Materialise NV","14.25","$674.39M","2014","Technology","Computer Software: Prepackaged Software","http://www.nasdaq.com/symbol/mtls",
"MPAC","Matlin & Partners Acquisition Corporation","9.71","$394.47M","2017","Finance","Business Services","http://www.nasdaq.com/symbol/mpac",
"MPACU","Matlin & Partners Acquisition Corporation","10.17","n/a","2017","Finance","Business Services","http://www.nasdaq.com/symbol/mpacu",
"MPACW","Matlin & Partners Acquisition Corporation","0.4","n/a","2017","Finance","Business Services","http://www.nasdaq.com/symbol/mpacw",
"MTRX","Matrix Service Company","15.5","$414.6M","1990","Basic Industries","Engineering & Construction","http://www.nasdaq.com/symbol/mtrx",
"MAT","Mattel, Inc.","18.68","$6.42B","n/a","Consumer Non-Durables","Recreational Products/Toys","http://www.nasdaq.com/symbol/mat",
"MATR","Mattersight Corporation","2.8","$91.65M","n/a","Technology","EDP Services","http://www.nasdaq.com/symbol/matr",
"MATW","Matthews International Corporation","54.35","$1.75B","1994","Capital Goods","Metal Fabrications","http://www.nasdaq.com/symbol/matw",
"MXIM","Maxim Integrated Products, Inc.","53.51","$15.06B","1988","Technology","Semiconductors","http://www.nasdaq.com/symbol/mxim",
"MXWL","Maxwell Technologies, Inc.","5.45","$202.06M","n/a","Miscellaneous","Industrial Machinery/Components","http://www.nasdaq.com/symbol/mxwl",
"MZOR","Mazor Robotics Ltd.","60.13","$1.54B","n/a","Health Care","Medical/Dental Instruments","http://www.nasdaq.com/symbol/mzor",
"MBFI","MB Financial Inc.","44.07","$3.7B","n/a","Finance","Major Banks","http://www.nasdaq.com/symbol/mbfi",
"MBFIP","MB Financial Inc.","25.35","$101.4M","n/a","Finance","Major Banks","http://www.nasdaq.com/symbol/mbfip",
"MCFT","MCBC Holdings, Inc.","22.07","$412.23M","2015","Capital Goods","Marine Transportation","http://www.nasdaq.com/symbol/mcft",
"MGRC","McGrath RentCorp","46.3","$1.11B","1984","Technology","Diversified Commercial Services","http://www.nasdaq.com/symbol/mgrc",
"MDCA","MDC Partners Inc.","10.75","$536.8M","n/a","Technology","Advertising","http://www.nasdaq.com/symbol/mdca",
"MFIN","Medallion Financial Corp.","2.68","$65.06M","n/a","Finance","Finance: Consumer Services","http://www.nasdaq.com/symbol/mfin",
"MFINL","Medallion Financial Corp.","24.95","n/a","n/a","Finance","Finance: Consumer Services","http://www.nasdaq.com/symbol/mfinl",
"MTBC","Medical Transcription Billing, Corp.","2.45","$28.25M","2014","Technology","Computer Software: Prepackaged Software","http://www.nasdaq.com/symbol/mtbc",
"MTBCP","Medical Transcription Billing, Corp.","25.35","$23.56M","n/a","Technology","Computer Software: Prepackaged Software","http://www.nasdaq.com/symbol/mtbcp",
"MNOV","MediciNova, Inc.","6.54","$236.1M","n/a","Health Care","Major Pharmaceuticals","http://www.nasdaq.com/symbol/mnov",
"MDSO","Medidata Solutions, Inc.","68.64","$4.01B","2009","Technology","Computer Software: Prepackaged Software","http://www.nasdaq.com/symbol/mdso",
"MDGS","Medigus Ltd.","2.29","$6.93M","n/a","Health Care","Medical/Dental Instruments","http://www.nasdaq.com/symbol/mdgs",
"MDWD","MediWound Ltd.","4.6","$100.99M","2014","Consumer Durables","Specialty Chemicals","http://www.nasdaq.com/symbol/mdwd",
"MEDP","Medpace Holdings, Inc.","35.64","$1.34B","2016","Health Care","Biotechnology: Commercial Physical & Biological Resarch","http://www.nasdaq.com/symbol/medp",
"MEIP","MEI Pharma, Inc.","2.32","$85.87M","n/a","Health Care","Major Pharmaceuticals","http://www.nasdaq.com/symbol/meip",
"MLCO","Melco Resorts & Entertainment Limited","25.45","$12.52B","n/a","Consumer Services","Hotels/Resorts","http://www.nasdaq.com/symbol/mlco",
"MLNT","Melinta Therapeutics, Inc.","13.75","$28.88M","2012","Health Care","Major Pharmaceuticals","http://www.nasdaq.com/symbol/mlnt",
"MLNX","Mellanox Technologies, Ltd.","50.05","$2.55B","2007","Technology","Semiconductors","http://www.nasdaq.com/symbol/mlnx",
"MELR","Melrose Bancorp, Inc.","19.2499","$50.06M","2014","Finance","Major Banks","http://www.nasdaq.com/symbol/melr",
"MTSL","MER Telemanagement Solutions Ltd.","2.27","$6.62M","1997","Public Utilities","Telecommunications Equipment","http://www.nasdaq.com/symbol/mtsl",
"MELI","MercadoLibre, Inc.","269.73","$11.91B","2007","Miscellaneous","Business Services","http://www.nasdaq.com/symbol/meli",
"MBWM","Mercantile Bank Corporation","35.19","$580.35M","1998","Finance","Major Banks","http://www.nasdaq.com/symbol/mbwm",
"MERC","Mercer International Inc.","14.2","$923.25M","n/a","Basic Industries","Paper","http://www.nasdaq.com/symbol/merc",
"MBIN","Merchants Bancorp","17.63","$489.19M","2017","Finance","Major Banks","http://www.nasdaq.com/symbol/mbin",
"MRCY","Mercury Systems Inc","50.68","$2.44B","1998","Capital Goods","Electrical Products","http://www.nasdaq.com/symbol/mrcy",
"EBSB","Meridian Bancorp, Inc.","19.95","$1.08B","n/a","Finance","Major Banks","http://www.nasdaq.com/symbol/ebsb",
"MRBK","Meridian Bank","18.15","$109.61M","2017","n/a","n/a","http://www.nasdaq.com/symbol/mrbk",
"VIVO","Meridian Bioscience Inc.","14.95","$630.94M","1986","Health Care","Biotechnology: In Vitro & In Vivo Diagnostic Substances","http://www.nasdaq.com/symbol/vivo",
"MRDN","Meridian Waste Solutions, Inc","1.75","$21.7M","n/a","Basic Industries","Miscellaneous","http://www.nasdaq.com/symbol/mrdn",
"MRDNW","Meridian Waste Solutions, Inc","0.17","n/a","n/a","Basic Industries","Miscellaneous","http://www.nasdaq.com/symbol/mrdnw",
"MMSI","Merit Medical Systems, Inc.","40.6","$2.04B","n/a","Health Care","Medical/Dental Instruments","http://www.nasdaq.com/symbol/mmsi",
"MACK","Merrimack Pharmaceuticals, Inc.","11.75","$156.66M","2012","Health Care","Major Pharmaceuticals","http://www.nasdaq.com/symbol/mack",
"MRSN","Mersana Therapeutics, Inc.","16.11","$366.56M","2017","Health Care","Major Pharmaceuticals","http://www.nasdaq.com/symbol/mrsn",
"MRUS","Merus N.V.","15.88","$308.02M","2016","Health Care","Major Pharmaceuticals","http://www.nasdaq.com/symbol/mrus",
"MLAB","Mesa Laboratories, Inc.","133.4","$504.22M","n/a","Capital Goods","Industrial Machinery/Components","http://www.nasdaq.com/symbol/mlab",
"MESO","Mesoblast Limited","5.03","$435.16M","2015","Health Care","Biotechnology: Biological Products (No Diagnostic Substances)","http://www.nasdaq.com/symbol/meso",
"CASH","Meta Financial Group, Inc.","87.55","$842.46M","1993","Finance","Savings Institutions","http://www.nasdaq.com/symbol/cash",
"MEOH","Methanex Corporation","50.45","$4.28B","n/a","Basic Industries","Major Chemicals","http://www.nasdaq.com/symbol/meoh",
"MYGN","Myriad Genetics, Inc.","32.88","$2.28B","1995","Health Care","Biotechnology: In Vitro & In Vivo Diagnostic Substances","http://www.nasdaq.com/symbol/mygn",
"NBRV","Nabriva Therapeutics plc","5.8","$212.81M","2015","Health Care","Major Pharmaceuticals","http://www.nasdaq.com/symbol/nbrv",
"NAKD","Naked Brand Group Inc.","1.43","$14.79M","n/a","Consumer Non-Durables","Apparel","http://www.nasdaq.com/symbol/nakd",
"NNDM","Nano Dimension Ltd.","4.3","$53.14M","n/a","Technology","Electrical Products","http://www.nasdaq.com/symbol/nndm",
"NANO","Nanometrics Incorporated","26.44","$676.72M","1984","Capital Goods","Industrial Machinery/Components","http://www.nasdaq.com/symbol/nano",
"NSTG","NanoString Technologies, Inc.","8.36","$212.2M","2013","Health Care","Biotechnology: Biological Products (No Diagnostic Substances)","http://www.nasdaq.com/symbol/nstg",
"NAOV","NanoVibronix, Inc.","4.67","$18.01M","n/a","Health Care","Industrial Specialties","http://www.nasdaq.com/symbol/naov",
"NH","NantHealth, Inc.","3.28","$355.32M","2016","Technology","EDP Services","http://www.nasdaq.com/symbol/nh",
"NK","NantKwest, Inc.","4.91","$390.12M","2015","Health Care","Biotechnology: Biological Products (No Diagnostic Substances)","http://www.nasdaq.com/symbol/nk",
"NSSC","NAPCO Security Technologies, Inc.","9.3","$175.29M","n/a","Consumer Durables","Telecommunications Equipment","http://www.nasdaq.com/symbol/nssc",
"NDAQ","Nasdaq, Inc.","75.95","$12.62B","n/a","Finance","Investment Bankers/Brokers/Service","http://www.nasdaq.com/symbol/ndaq",
"NTRA","Natera, Inc.","9.62","$517.26M","2015","Health Care","Medical Specialities","http://www.nasdaq.com/symbol/ntra",
"NATH","Nathan&#39;s Famous, Inc.","100.05","$418.66M","1993","Consumer Services","Restaurants","http://www.nasdaq.com/symbol/nath",
"NAUH","National American University Holdings, Inc.","1.39","$33.68M","n/a","Consumer Services","Other Consumer Services","http://www.nasdaq.com/symbol/nauh",
"NKSH","National Bankshares, Inc.","43.95","$305.8M","n/a","Finance","Major Banks","http://www.nasdaq.com/symbol/nksh",
"FIZZ","National Beverage Corp.","102.23","$4.76B","n/a","Consumer Non-Durables","Beverages (Production/Distribution)","http://www.nasdaq.com/symbol/fizz",
"NCMI","National CineMedia, Inc.","5.8","$455.31M","2007","Consumer Services","Advertising","http://www.nasdaq.com/symbol/ncmi",
"NCOM","National Commerce Corporation","40.9","$604.67M","2015","Finance","Major Banks","http://www.nasdaq.com/symbol/ncom",
"NESR","National Energy Services Reunited Corp.","9.934","$284.63M","2017","Finance","Business Services","http://www.nasdaq.com/symbol/nesr",
"NESRW","National Energy Services Reunited Corp.","0.65","n/a","2017","Finance","Business Services","http://www.nasdaq.com/symbol/nesrw",
"NGHC","National General Holdings Corp","20.66","$2.2B","n/a","Finance","Property-Casualty Insurers","http://www.nasdaq.com/symbol/nghc",
"NGHCN","National General Holdings Corp","25.1942","n/a","n/a","Finance","Property-Casualty Insurers","http://www.nasdaq.com/symbol/nghcn",
"NGHCO","National General Holdings Corp","25.3132","n/a","n/a","Finance","Property-Casualty Insurers","http://www.nasdaq.com/symbol/nghco",
"NGHCP","National General Holdings Corp","25.5","$56.1M","n/a","Finance","Property-Casualty Insurers","http://www.nasdaq.com/symbol/nghcp",
"NGHCZ","National General Holdings Corp","25.805","n/a","n/a","Finance","Property-Casualty Insurers","http://www.nasdaq.com/symbol/nghcz",
"NHLD","National Holdings Corporation","2.58","$32.09M","n/a","Finance","Investment Bankers/Brokers/Service","http://www.nasdaq.com/symbol/nhld",
"NHLDW","National Holdings Corporation","0.4189","n/a","n/a","Finance","Investment Bankers/Brokers/Service","http://www.nasdaq.com/symbol/nhldw",
"NATI","National Instruments Corporation","44.43","$5.81B","1995","Technology","Computer Software: Prepackaged Software","http://www.nasdaq.com/symbol/nati",
"NRCIA","National Research Corporation","32.65","$799.37M","n/a","Health Care","Biotechnology: Commercial Physical & Biological Resarch","http://www.nasdaq.com/symbol/nrcia",
"NRCIB","National Research Corporation","53.26","$1.3B","n/a","Health Care","Biotechnology: Commercial Physical & Biological Resarch","http://www.nasdaq.com/symbol/nrcib",
"NSEC","National Security Group, Inc.","14.75","$37.2M","n/a","Finance","Life Insurance","http://www.nasdaq.com/symbol/nsec",
"EYE","National Vision Holdings, Inc.","29.98","$2.17B","2017","Health Care","Ophthalmic Goods","http://www.nasdaq.com/symbol/eye",
"NWLI","National Western Life Group, Inc.","344","$1.25B","n/a","Finance","Life Insurance","http://www.nasdaq.com/symbol/nwli",
"NAII","Natural Alternatives International, Inc.","10.1","$75.03M","n/a","Consumer Durables","Specialty Chemicals","http://www.nasdaq.com/symbol/naii",
"NHTC","Natural Health Trends Corp.","18.46","$209.37M","n/a","Consumer Durables","Consumer Specialties","http://www.nasdaq.com/symbol/nhtc",
"NATR","Nature&#39;s Sunshine Products, Inc.","11.85","$223.99M","n/a","Health Care","Major Pharmaceuticals","http://www.nasdaq.com/symbol/natr",
"BABY","Natus Medical Incorporated","38.2","$1.19B","2001","Health Care","Biotechnology: Electromedical & Electrotherapeutic Apparatus","http://www.nasdaq.com/symbol/baby",
"TIL","Till Capital Ltd.","4.51","$15.11M","n/a","Finance","Property-Casualty Insurers","http://www.nasdaq.com/symbol/til",
"TSBK","Timberland Bancorp, Inc.","27.8","$204.64M","n/a","Finance","Banks","http://www.nasdaq.com/symbol/tsbk",
"TNTR","Tintri, Inc.","5.91","$185.13M","2017","Technology","EDP Services","http://www.nasdaq.com/symbol/tntr",
"TIPT","Tiptree Inc.","7","$264.98M","n/a","Finance","Property-Casualty Insurers","http://www.nasdaq.com/symbol/tipt",
"TITN","Titan Machinery Inc.","15.15","$333.77M","2007","Consumer Services","Other Specialty Stores","http://www.nasdaq.com/symbol/titn",
"TTNP","Titan Pharmaceuticals, Inc.","1.7","$36.05M","n/a","Health Care","Biotechnology: Biological Products (No Diagnostic Substances)","http://www.nasdaq.com/symbol/ttnp",
"TVTY","Tivity Health, Inc.","34.75","$1.38B","n/a","Health Care","Hospital/Nursing Management","http://www.nasdaq.com/symbol/tvty",
"TIVO","TiVo Corporation","17.425","$2.13B","n/a","Miscellaneous","Multi-Sector Companies","http://www.nasdaq.com/symbol/tivo",
"TMUS","T-Mobile US, Inc.","60.02","$49.93B","n/a","Public Utilities","Telecommunications Equipment","http://www.nasdaq.com/symbol/tmus",
"TMUSP","T-Mobile US, Inc.","97.29","n/a","n/a","Public Utilities","Telecommunications Equipment","http://www.nasdaq.com/symbol/tmusp",
"TOCA","Tocagen Inc.","10","$198.09M","2017","Health Care","Major Pharmaceuticals","http://www.nasdaq.com/symbol/toca",
"TNXP","Tonix Pharmaceuticals Holding Corp.","3.62","$28.34M","n/a","Health Care","Major Pharmaceuticals","http://www.nasdaq.com/symbol/tnxp",
"TISA","Top Image Systems, Ltd.","1.09","$19.55M","1996","Technology","Computer peripheral equipment","http://www.nasdaq.com/symbol/tisa",
"TOPS","TOP Ships Inc.","0.572","$9.76M","n/a","Transportation","Marine Transportation","http://www.nasdaq.com/symbol/tops",
"TORM          ","TOR Minerals International Inc","5.7","$20.19M","1988","Basic Industries","Major Chemicals","http://www.nasdaq.com/symbol/torm",
"TRCH","Torchlight Energy Resources, Inc.","1.19","$71.65M","n/a","Energy","Oil & Gas Production","http://www.nasdaq.com/symbol/trch",
"TSEM","Tower Semiconductor Ltd.","34.59","$3.4B","1994","Technology","Semiconductors","http://www.nasdaq.com/symbol/tsem",
"CLUB","Town Sports International Holdings, Inc.","5.95","$158.75M","2006","Consumer Services","Hotels/Resorts","http://www.nasdaq.com/symbol/club",
"TOWN","Towne Bank","32.95","$2.06B","n/a","n/a","n/a","http://www.nasdaq.com/symbol/town",
"TPIC","TPI Composites, Inc.","19.06","$648.23M","2016","Energy","Industrial Machinery/Components","http://www.nasdaq.com/symbol/tpic",
"TCON","TRACON Pharmaceuticals, Inc.","2.75","$48.16M","2015","Health Care","Biotechnology: Biological Products (No Diagnostic Substances)","http://www.nasdaq.com/symbol/tcon",
"TSCO","Tractor Supply Company","64.5","$8.1B","1994","Consumer Services","RETAIL: Building Materials","http://www.nasdaq.com/symbol/tsco",
"TWMC","Trans World Entertainment Corp.","1.75","$63.2M","n/a","Consumer Services","Consumer Electronics/Video Chains","http://www.nasdaq.com/symbol/twmc",
"TACT","TransAct Technologies Incorporated","14.4","$106.07M","1996","Technology","Computer peripheral equipment","http://www.nasdaq.com/symbol/tact",
"TRNS","Transcat, Inc.","13.15","$93.92M","n/a","Capital Goods","Electrical Products","http://www.nasdaq.com/symbol/trns",
"TGA","TransGlobe Energy Corporation","1.48","$106.86M","n/a","Energy","Oil & Gas Production","http://www.nasdaq.com/symbol/tga",
"TA","TravelCenters of America LLC","4.825","$190.67M","n/a","Consumer Durables","Automotive Aftermarket","http://www.nasdaq.com/symbol/ta",
"TANNI","TravelCenters of America LLC","25.0708","n/a","n/a","Consumer Durables","Automotive Aftermarket","http://www.nasdaq.com/symbol/tanni",
"TANNL","TravelCenters of America LLC","24.43","n/a","n/a","Consumer Durables","Automotive Aftermarket","http://www.nasdaq.com/symbol/tannl",
"TANNZ","TravelCenters of America LLC","24.64","n/a","n/a","Consumer Durables","Automotive Aftermarket","http://www.nasdaq.com/symbol/tannz",
"TZOO","Travelzoo","6.2","$77.26M","n/a","Technology","EDP Services","http://www.nasdaq.com/symbol/tzoo",
"TRMT","Tremont Mortgage Trust","15.77","$48.89M","2017","n/a","n/a","http://www.nasdaq.com/symbol/trmt",
"TRVN","Trevena, Inc.","1.71","$106.53M","2014","Health Care","Major Pharmaceuticals","http://www.nasdaq.com/symbol/trvn",
"TCBK","TriCo Bancshares","41.46","$951.15M","n/a","Finance","Major Banks","http://www.nasdaq.com/symbol/tcbk",
"TRIL","Trillium Therapeutics Inc.","9.55","$103.09M","n/a","Health Care","Major Pharmaceuticals","http://www.nasdaq.com/symbol/tril",
"TRS","TriMas Corporation","25.25","$1.15B","2007","Capital Goods","Industrial Specialties","http://www.nasdaq.com/symbol/trs",
"TRMB","Trimble Inc.","41.42","$10.43B","1990","Capital Goods","Industrial Machinery/Components","http://www.nasdaq.com/symbol/trmb",
"TRIB","Trinity Biotech plc","5.12","$123.09M","1992","Health Care","Biotechnology: In Vitro & In Vivo Diagnostic Substances","http://www.nasdaq.com/symbol/trib",
"TRIP","TripAdvisor, Inc.","30.59","$4.25B","n/a","Technology","Computer Software: Programming, Data Processing","http://www.nasdaq.com/symbol/trip",
"TSC","TriState Capital Holdings, Inc.","23.2","$664.51M","2013","Finance","Major Banks","http://www.nasdaq.com/symbol/tsc",
"TBK","Triumph Bancorp, Inc.","29.95","$623.59M","2014","Finance","Major Banks","http://www.nasdaq.com/symbol/tbk",
"TRVG","trivago N.V.","7.38","$2.59B","2016","Technology","EDP Services","http://www.nasdaq.com/symbol/trvg",
"TRNC","tronc, Inc.","16.17","$543.29M","n/a","Consumer Services","Newspapers/Magazines","http://www.nasdaq.com/symbol/trnc",
"TROV","TrovaGene, Inc.","0.63","$24.01M","n/a","Health Care","Biotechnology: Biological Products (No Diagnostic Substances)","http://www.nasdaq.com/symbol/trov",
"TRUE","TrueCar, Inc.","11.15","$1.11B","2014","Technology","Computer Software: Programming, Data Processing","http://www.nasdaq.com/symbol/true",
"THST","Truett-Hurst, Inc.","2.15","$9.52M","2013","Consumer Non-Durables","Beverages (Production/Distribution)","http://www.nasdaq.com/symbol/thst",
"TRUP","Trupanion, Inc.","30.39","$912.91M","n/a","Health Care","Medical Specialities","http://www.nasdaq.com/symbol/trup",
"TRST","TrustCo Bank Corp NY","9","$864.97M","n/a","Finance","Major Banks","http://www.nasdaq.com/symbol/trst",
"TRMK","Trustmark Corporation","32.46","$2.2B","n/a","Finance","Major Banks","http://www.nasdaq.com/symbol/trmk",
"TSRI","TSR, Inc.","5.25","$10.3M","n/a","Technology","EDP Services","http://www.nasdaq.com/symbol/tsri",
"TTMI","TTM Technologies, Inc.","16.71","$1.7B","2000","Technology","Electrical Products","http://www.nasdaq.com/symbol/ttmi",
"TCX","Tucows Inc.","60.8","$643.11M","n/a","Technology","EDP Services","http://www.nasdaq.com/symbol/tcx",
"TUES","Tuesday Morning Corp.","2.7","$123.77M","1999","Consumer Services","Department/Specialty Retail Stores","http://www.nasdaq.com/symbol/tues",
"TOUR","Tuniu Corporation","8.97","$1.13B","2014","Consumer Services","Transportation Services","http://www.nasdaq.com/symbol/tour",
"HEAR","Turtle Beach Corporation","0.5895","$29.11M","n/a","Consumer Durables","Telecommunications Equipment","http://www.nasdaq.com/symbol/hear",
"FOX","Twenty-First Century Fox, Inc.","30.48","$56.47B","n/a","Consumer Services","Television Services","http://www.nasdaq.com/symbol/fox",
"FOXA","Twenty-First Century Fox, Inc.","31.15","$38.03B","n/a","Consumer Services","Television Services","http://www.nasdaq.com/symbol/foxa",
"TWIN","Twin Disc, Incorporated","25","$289.8M","n/a","Technology","Industrial Machinery/Components","http://www.nasdaq.com/symbol/twin",
"TRCB","Two River Bancorp","18.35","$155.18M","n/a","Finance","Major Banks","http://www.nasdaq.com/symbol/trcb",
"TYME","Tyme Technologies, Inc.","4","$357.28M","n/a","Health Care","Major Pharmaceuticals","http://www.nasdaq.com/symbol/tyme",
"USCR","U S Concrete, Inc.","77.5","$1.29B","n/a","Capital Goods","Building Materials","http://www.nasdaq.com/symbol/uscr",
"PRTS","U.S. Auto Parts Network, Inc.","2.29","$81.36M","2007","Consumer Services","Other Specialty Stores","http://www.nasdaq.com/symbol/prts",
"USEG","U.S. Energy Corp.","1.17","$7M","n/a","Energy","Oil & Gas Production","http://www.nasdaq.com/symbol/useg",
"GROW","U.S. Global Investors, Inc.","2.55","$38.68M","n/a","Finance","Investment Managers","http://www.nasdaq.com/symbol/grow",
"USAU","U.S. Gold Corp.","1.54","$21.72M","n/a","n/a","n/a","http://www.nasdaq.com/symbol/usau",
"UBNT","Ubiquiti Networks, Inc.","65.59","$5.11B","2011","Technology","Radio And Television Broadcasting And Communications Equipment","http://www.nasdaq.com/symbol/ubnt",
"UFPT","UFP Technologies, Inc.","26.8","$194.77M","1993","Capital Goods","Containers/Packaging","http://www.nasdaq.com/symbol/ufpt",
"ULTA","Ulta Beauty, Inc.","215.1","$13.21B","2007","Consumer Services","Other Specialty Stores","http://www.nasdaq.com/symbol/ulta",
"UCTT","Ultra Clean Holdings, Inc.","24.29","$816.81M","2004","Technology","Semiconductors","http://www.nasdaq.com/symbol/uctt",
"UPL","Ultra Petroleum Corp.","8.92","$1.75B","n/a","Energy","Oil & Gas Production","http://www.nasdaq.com/symbol/upl",
"RARE","Ultragenyx Pharmaceutical Inc.","48.11","$2.05B","2014","Health Care","Major Pharmaceuticals","http://www.nasdaq.com/symbol/rare",
"ULBI","Ultralife Corporation","6.1","$95.33M","1992","Miscellaneous","Industrial Machinery/Components","http://www.nasdaq.com/symbol/ulbi",
"UMBF","UMB Financial Corporation","71.56","$3.57B","n/a","Finance","Major Banks","http://www.nasdaq.com/symbol/umbf",
"UMPQ","Umpqua Holdings Corporation","20.47","$4.51B","n/a","Finance","Savings Institutions","http://www.nasdaq.com/symbol/umpq",
"UNAM","Unico American Corporation","9.5","$50.42M","n/a","Finance","Property-Casualty Insurers","http://www.nasdaq.com/symbol/unam",
"UBSH","Union Bankshares Corporation","34.54","$1.51B","n/a","Finance","Major Banks","http://www.nasdaq.com/symbol/ubsh",
"UNB","Union Bankshares, Inc.","49.55","$221.12M","n/a","Finance","Major Banks","http://www.nasdaq.com/symbol/unb",
"QURE","uniQure N.V.","15.04","$463.23M","2014","Health Care","Major Pharmaceuticals","http://www.nasdaq.com/symbol/qure",
"UBCP","United Bancorp, Inc.","12.75","$69.24M","n/a","Finance","Major Banks","http://www.nasdaq.com/symbol/ubcp",
"UBOH","United Bancshares, Inc.","21.8151","$71.28M","n/a","Finance","Major Banks","http://www.nasdaq.com/symbol/uboh",
"UBSI","United Bankshares, Inc.","35.3","$3.71B","n/a","Finance","Major Banks","http://www.nasdaq.com/symbol/ubsi",
"UCBA","United Community Bancorp","20.5","$86.12M","n/a","Finance","Savings Institutions","http://www.nasdaq.com/symbol/ucba",
"UCBI","United Community Banks, Inc.","26.99","$2.09B","n/a","Finance","Major Banks","http://www.nasdaq.com/symbol/ucbi",
"UCFC","United Community Financial Corp.","9.27","$461.37M","n/a","Finance","Banks","http://www.nasdaq.com/symbol/ucfc",
"UBNK","United Financial Bancorp, Inc. ","17.86","$908.2M","n/a","Finance","Banks","http://www.nasdaq.com/symbol/ubnk",
"UFCS","United Fire Group, Inc","47.52","$1.18B","n/a","Finance","Property-Casualty Insurers","http://www.nasdaq.com/symbol/ufcs",
"UIHC","United Insurance Holdings Corp.","15.67","$669.95M","n/a","Finance","Property-Casualty Insurers","http://www.nasdaq.com/symbol/uihc",
"UNFI","United Natural Foods, Inc.","42.15","$2.14B","1996","Consumer Non-Durables","Food Distributors","http://www.nasdaq.com/symbol/unfi",
"UBFO","United Security Bancshares","9.35","$157.88M","n/a","Finance","Major Banks","http://www.nasdaq.com/symbol/ubfo",
"USLM","United States Lime & Minerals, Inc.","85.91","$479.09M","n/a","Basic Industries","Mining & Quarrying of Nonmetallic Minerals (No Fuels)","http://www.nasdaq.com/symbol/uslm",
"UTHR","United Therapeutics Corporation","123.02","$5.32B","1999","Health Care","Major Pharmaceuticals","http://www.nasdaq.com/symbol/uthr",
"UG","United-Guardian, Inc.","16.1","$73.97M","n/a","Consumer Non-Durables","Package Goods/Cosmetics","http://www.nasdaq.com/symbol/ug",
"UNIT","Uniti Group Inc.","15.87","$2.78B","n/a","Consumer Services","Real Estate Investment Trusts","http://www.nasdaq.com/symbol/unit",
"UNTY","Unity Bancorp, Inc.","20.15","$213.67M","n/a","Finance","Major Banks","http://www.nasdaq.com/symbol/unty",
"OLED","Universal Display Corporation","181","$8.51B","n/a","Capital Goods","Electrical Products","http://www.nasdaq.com/symbol/oled",
"VBLT","Vascular Biogenics Ltd.","6.85","$184.28M","2014","Health Care","Major Pharmaceuticals","http://www.nasdaq.com/symbol/vblt",
"VBTX","Veritex Holdings, Inc.","26.41","$598.15M","2014","Finance","Major Banks","http://www.nasdaq.com/symbol/vbtx",
"VERI","Veritone, Inc.","24.42","$365.23M","2017","Technology","EDP Services","http://www.nasdaq.com/symbol/veri",
"ZKIN","ZK International Group Co., Ltd","7.67","$103.55M","2017","Capital Goods","Metal Fabrications","http://www.nasdaq.com/symbol/zkin",
"ZGNX","Zogenix, Inc.","36.55","$1.25B","2010","Health Care","Major Pharmaceuticals","http://www.nasdaq.com/symbol/zgnx",
"ZSAN","Zosano Pharma Corporation","0.685","$27.03M","2015","Health Care","Major Pharmaceuticals","http://www.nasdaq.com/symbol/zsan",
"ZUMZ","Zumiez Inc.","18.9","$476.86M","2005","Consumer Services","Clothing/Shoe/Accessory Stores","http://www.nasdaq.com/symbol/zumz",
"ZYNE","Zynerba Pharmaceuticals, Inc.","13.88","$188.13M","2015","Health Care","Major Pharmaceuticals","http://www.nasdaq.com/symbol/zyne",
"ZNGA","Zynga Inc.","3.94","$3.43B","2011","Technology","EDP Services","http://www.nasdaq.com/symbol/znga",
